source,prediction,reference,journal
"Photonic structures can be designed to tailor luminescence properties of materials, which becomes particularly interesting for non-linear phenomena, such as photon upconversion. However, there is no adequate theoretical framework to optimize photonic structure designs for upconversion enhancement. Here, we present a comprehensive theoretical model describing photonic effects on upconversion and confirm the model’s predictions by experimental realization of 1D-photonic upconverter devices with large statistics and parameter scans. The measured upconversion photoluminescence enhancement reaches 82 ± 24% of the simulated enhancement, in the mean of 2480 separate measurements, scanning the irradiance and the excitation wavelength on 40 different sample designs. Additionally, the trends expected from the modeled interaction of photonic energy density enhancement, local density of optical states and internal upconversion dynamics, are clearly validated in all experimentally performed parameter scans. Our simulation tool now opens the possibility of precisely designing photonic structure designs for various upconverting materials and applications.","Here's a simplified version of the text:

We can design special structures that control how materials glow, which is especially important for a phenomenon called photon upconversion. However, we didn't have a good way to design these structures to make them work better. In this study, we developed a comprehensive model that explains how these structures affect upconversion and tested it by creating devices with many different designs. Our results show that the model accurately predicts the enhancement of upconversion, with an average increase of 82% compared to simulations. We also found that the model's predictions match the trends we observed in our experiments, which involved testing different designs and conditions. This new tool allows us to design photonic structures for various materials and applications with precision.","A theoretical framework to optimize photonic structure designs for upconversion enhancement is lacking. Here, the authors present a comprehensive theoretical model and confirm the model’s predictions by experimental realisation of 1D-photonic upconverter devices with large statistics and parameter scans.",nature communications
"Upon tissue injury or microbial invasion, a large number of neutrophils converge from blood to the sites of injury or infection in a short time. The migration through a limited number of paths through tissues and capillary networks seems efficient and ‘traffic jams’ are generally avoided. However, the mechanisms that guide efficient trafficking of large numbers of neutrophils through capillary networks are not well understood. Here we show that pairs of neutrophils arriving closely one after another at capillary bifurcations migrate to alternating branches in vivo and in vitro. Perturbation of chemoattractant gradients and the increased hydraulic resistance induced by the first neutrophil in one branch biases the migration of the following neutrophil towards the other branch. These mechanisms guide neutrophils to efficiently navigate through capillary networks and outline the effect of inter-neutrophil interactions during migration on overall lymphocyte trafficking patterns in confined environments.","When the body is injured or infected, a large number of white blood cells called neutrophils quickly move to the affected area. To get there, they need to navigate through tiny blood vessels called capillaries. We found that when neutrophils arrive at a fork in the capillaries, they tend to take different paths, one after the other. This is because the first neutrophil's presence affects the direction of the next one, kind of like a traffic jam where one car slows down the next one. This process helps neutrophils move efficiently through the capillaries and shows how the interactions between these cells affect how they move in tight spaces.","Neutrophils mobilize rapidly and travel through the vasculature and microcirculation en masse in response to inflammatory stimuli. Here the authors use a microfluidic device and intravital microscopy to show neutrophils move through tissues in a highly ordered pattern, taking turns to file into alternate branches at bifurcations.",nature communications
"Disrupted energy metabolism drives cell dysfunction and disease, but approaches to increase or preserve ATP are lacking. To generate a comprehensive metabolic map of genes and pathways that regulate cellular ATP—the ATPome—we conducted a genome-wide CRISPR interference/activation screen integrated with an ATP biosensor. We show that ATP level is modulated by distinct mechanisms that promote energy production or inhibit consumption. In our system HK2 is the greatest ATP consumer, indicating energy failure may not be a general deficiency in producing ATP, but rather failure to recoup the ATP cost of glycolysis and diversion of glucose metabolites to the pentose phosphate pathway. We identify systems-level reciprocal inhibition between the HIF1 pathway and mitochondria; glycolysis-promoting enzymes inhibit respiration even when there is no glycolytic ATP production, and vice versa. Consequently, suppressing alternative metabolism modes paradoxically increases energy levels under substrate restriction. This work reveals mechanisms of metabolic control, and identifies therapeutic targets to correct energy failure.","Here's a simplified version of the text:

Disrupted energy production in cells can lead to disease, but there are no effective ways to increase or preserve energy levels. To better understand how cells regulate energy production, we conducted a comprehensive study that involved editing genes and using a special tool to measure energy levels. Our results show that energy production is controlled by different mechanisms that promote energy production or consumption. We found that a key enzyme called HK2 is a major energy consumer, suggesting that energy failure may not be due to a lack of energy production, but rather the inability to recover energy costs and the diversion of glucose to other pathways.

We also discovered a complex relationship between the HIF1 pathway and mitochondria, where glycolysis-promoting enzymes can actually inhibit energy production, even when no energy is being produced. Conversely, energy production can be inhibited by glycolysis-inhibiting enzymes. This means that suppressing alternative energy pathways can actually increase energy levels under certain conditions.

Our findings provide new insights into how cells regulate energy production and identify potential therapeutic targets to correct energy failure.","Energy metabolism and ATP levels are controlled by an interlocking network of pathways. Here, the authors apply a genome-wide CRISPR screen to define genes that increase or decrease ATP levels to define the “ATPome”, a map of pathways that contribute to cellular ATP regulation.",nature communications
"Learned fear and safety are associated with distinct oscillatory states in the basolateral amygdala (BLA) and medial prefrontal cortex (mPFC). To determine if and how these network states support the retrieval of competing memories, we mimicked endogenous oscillatory activity through optogenetic stimulation of parvalbumin-expressing interneurons in mice during retrieval of contextual fear and extinction memories. We found that exogenously induced 4 Hz and 8 Hz oscillatory activity in the BLA exerts bi-directional control over conditioned freezing behavior in an experience- and context-specific manner, and that these oscillations have an experience-dependent ability to recruit distinct functional neuronal ensembles. At the network level we demonstrate, via simultaneous manipulation of BLA and mPFC, that experience-dependent 4 Hz resonance across BLA-mPFC circuitry supports post-extinction fear memory retrieval. Our findings reveal that post-extinction fear memory retrieval is supported by local and interregional experience-dependent resonance, and suggest novel approaches for interrogation and therapeutic manipulation of acquired fear circuitry.","Here's a simplified version of the text:

We studied how the brain processes fear and safety by using a technique called optogenetics to stimulate specific brain cells in mice. We found that different brain waves, or oscillations, are associated with learned fear and safety. We also discovered that these oscillations can control how we respond to fear memories, and that they can recruit different groups of brain cells to do so.

Furthermore, we found that a specific type of brain wave, called 4 Hz resonance, is important for retrieving fear memories after they have been extinguished. This means that the brain is able to retrieve and re-experience fear memories in a specific way.

Our findings suggest new ways to study and potentially treat fear-related disorders, such as post-traumatic stress disorder (PTSD).","Theta range oscillations in the basolateral amygdala (BLA) and the medial prefrontal cortex (mPFC) are associated with conditioned fear. Here, the authors use exogenous oscillatory stimulation of the BLA and mPFC in mice to determine the dynamic roles of theta-range oscillatory states across conditioned fear and extinction learning.",nature communications
"Artificial photosynthesis is a vibrant field of research aiming at converting abundant, low energy molecules such as water, nitrogen or carbon dioxide into fuels or useful chemicals by means of solar energy input. Photo-electrochemical reduction of carbon dioxide is an appealing strategy, aiming at reducing the greenhouse gas into valuable products such as carbon monoxide at low or without bias voltage. Yet, in such configuration, there is no catalytic system able to produce carbon monoxide selectively in aqueous media with high activity, and using earth-abundant molecular catalyst. Upon associating a p-type Cu(In,Ga)Se2 semi-conductor with cobalt quaterpyridine complex, we herein report a photocathode complying with the aforementioned requirements. Pure carbon dioxide dissolved in aqueous solution (pH 6.8) is converted to carbon monoxide under visible light illumination with partial current density above 3 mA cm−2 and 97% selectivity, showing good stability over time.","Scientists are working on a way to use sunlight to turn water, nitrogen, and carbon dioxide into useful products like fuels and chemicals. One approach is to use sunlight to convert carbon dioxide into a valuable product called carbon monoxide. However, it's been difficult to find a way to do this efficiently and safely using common materials.

In this study, we found a way to make a special material that can convert carbon dioxide into carbon monoxide using sunlight. This material is made from a type of copper and a special molecule called cobalt quaterpyridine. When we tested it, we were able to convert carbon dioxide into carbon monoxide with high efficiency and selectivity, and it remained stable over time.","Photo-electrochemical reduction of carbon dioxide is a promising strategy to derive valuable products. Here, the authors show a photocathode able to produce carbon monoxide selectively in aqueous media with high activity using earth-abundant molecular catalyst.",nature communications
"The therapeutic effect of reactive oxygen species (ROS)-involved cancer therapies is significantly limited by shortage of oxy-substrates, such as hypoxia in photodynamic therapy (PDT) and insufficient hydrogen peroxide (H2O2) in chemodynamic therapy (CDT). Here, we report a H2O2/O2 self-supplying nanoagent, (MSNs@CaO2-ICG)@LA, which consists of manganese silicate (MSN)-supported calcium peroxide (CaO2) and indocyanine green (ICG) with further surface modification of phase-change material lauric acid (LA). Under laser irradiation, ICG simultaneously generates singlet oxygen and emits heat to melt the LA. The exposed CaO2 reacts with water to produce O2 and H2O2 for hypoxia-relieved ICG-mediated PDT and H2O2-supplying MSN-based CDT, acting as an open source strategy for ROS production. Additionally, the MSNs-induced glutathione depletion protects ROS from scavenging, termed reduce expenditure. This open source and reduce expenditure strategy is effective in inhibiting tumor growth both in vitro and in vivo, and significantly improves ROS generation efficiency from multi-level for ROS-involved cancer therapies.","Here's a simplified version of the text:

Cancer treatments that use reactive oxygen species (ROS) to target tumors are limited by a lack of oxygen and hydrogen peroxide. We've developed a new nanoagent that can supply these essential molecules. Our nanoagent, called (MSNs@CaO2-ICG)@LA, consists of three main components: manganese silicate, calcium peroxide, and indocyanine green. When exposed to laser light, the indocyanine green generates a type of oxygen that can kill cancer cells, while also producing heat that melts a special material called lauric acid. The calcium peroxide reacts with water to produce oxygen and hydrogen peroxide, which are essential for ROS production. Additionally, our nanoagent depletes glutathione, a molecule that normally helps to break down ROS, allowing the ROS to accumulate and target the cancer cells more effectively. This new approach has been shown to be effective in inhibiting tumor growth in both laboratory and animal studies, and may improve the efficiency of ROS-based cancer therapies.","The supply of oxygen species for dynamic therapy is a major limitation. Here, the authors report on a complex of calcium peroxide with photo/chemo dynamic agents, where NIR heating causes the release of calcium peroxide to generate oxygen and hydrogen peroxide for photodynamic and chemodynamic therapy.",nature communications
"The magnetic properties of carbon materials are at present the focus of intense research effort in physics, chemistry and materials science due to their potential applications in spintronics and quantum computing. Although the presence of spins in open-shell nanographenes has recently been confirmed, the ability to control magnetic coupling sign has remained elusive but highly desirable. Here, we demonstrate an effective approach of engineering magnetic ground states in atomically precise open-shell bipartite/nonbipartite nanographenes using combined scanning probe techniques and mean-field Hubbard model calculations. The magnetic coupling sign between two spins was controlled via breaking bipartite lattice symmetry of nanographenes. In addition, the exchange-interaction strength between two spins has been widely tuned by finely tailoring their spin density overlap, realizing a large exchange-interaction strength of 42 meV. Our demonstrated method provides ample opportunities for designer above-room-temperature magnetic phases and functionalities in graphene nanomaterials.","Here's a simplified version of the text:

Researchers are studying the magnetic properties of carbon materials because they have the potential to be used in spintronics and quantum computing. Recently, scientists discovered that certain types of carbon materials have spins, but they haven't been able to control how these spins interact with each other. In this study, we found a way to control the interaction between spins in a specific type of carbon material called nanographenes. We did this by breaking a symmetry in the material's lattice structure and adjusting the overlap of the spins. This allowed us to tune the strength of the interaction between the spins, achieving a strong interaction of 42 millielectronvolts. Our method opens up possibilities for creating new magnetic properties and functionalities in graphene nanomaterials that can operate at temperatures above room temperature.","The ability to control magnetic coupling in graphene nanomaterials remains elusive. Here, the authors report an approach of engineering magnetic ground states in open-shell bipartite/nonbipartite nanographenes where the magnetic coupling sign between two spins are controlled via breaking bipartite lattice symmetry.",nature communications
"Myelinating oligodendrocytes enable fast propagation of action potentials along the ensheathed axons. In addition, oligodendrocytes play diverse non-canonical roles including axonal metabolic support and activity-dependent myelination. An open question remains whether myelination also contributes to information processing in addition to speeding up conduction velocity. Here, we analyze the role of myelin in auditory information processing using paradigms that are also good predictors of speech understanding in humans. We compare mice with different degrees of dysmyelination using acute multiunit recordings in the auditory cortex, in combination with behavioral readouts. We find complex alterations of neuronal responses that reflect fatigue and temporal acuity deficits. We observe partially discriminable but similar deficits in well myelinated mice in which glial cells cannot fully support axons metabolically. We suggest a model in which myelination contributes to sustained stimulus perception in temporally complex paradigms, with a role of metabolically active oligodendrocytes in cortical information processing.","Here's a simplified version of the text:

Myelin, a fatty substance produced by cells called oligodendrocytes, helps electrical signals travel quickly along nerve fibers. These cells also provide support and energy to the nerve fibers. However, it's unclear if myelin plays a role in processing information beyond just speeding up the transmission of signals.

In this study, we investigated the role of myelin in processing auditory information, which is important for understanding speech. We compared mice with different levels of myelin to see how it affects their ability to process sound. We used a combination of brain recordings and behavioral tests to assess their auditory abilities.

Our results show that mice with less myelin have altered brain responses that suggest they are experiencing fatigue and difficulty processing complex sounds. Interestingly, even mice with well-myelinated nerve fibers showed similar deficits, suggesting that the support provided by oligodendrocytes is important for processing information.

Based on our findings, we propose a model where myelin plays a crucial role in sustaining our ability to perceive complex sounds, and that metabolically active oligodendrocytes are involved in processing information in the brain.","Oligodendrocytes myelinate and metabolically support axons. The role of myelination in information processing beyond regulation of conduction velocity is unclear. Here, the authors show that myelination contributes to sustained stimulus perception in the auditory cortex, shaping neuronal responses.",nature communications
"Most human cancers are aneuploid, due to a chromosomal instability (CIN) phenotype. Despite being hallmarks of cancer, however, the roles of CIN and aneuploidy in tumor formation have not unequivocally emerged from animal studies and are thus still unclear. Using a conditional mouse model for diverse degrees of CIN, we find that a particular range is sufficient to drive very early onset spontaneous adenoma formation in the intestine. In mice predisposed to intestinal cancer (ApcMin/+), moderate CIN causes a remarkable increase in adenoma burden in the entire intestinal tract and especially in the distal colon, which resembles human disease. Strikingly, a higher level of CIN promotes adenoma formation in the distal colon even more than moderate CIN does, but has no effect in the small intestine. Our results thus show that CIN can be potently oncogenic, but that certain levels of CIN can have contrasting effects in distinct tissues.","Here's a simplified version of the text:

Most types of cancer in humans are caused by changes in the number of chromosomes in cells. Despite many studies, it's still unclear how these changes contribute to the development of cancer. We used a special mouse model to study how different levels of these changes affect the formation of tumors in the intestine. Our results show that a moderate level of these changes can cause a significant increase in the number of tumors in the entire intestine, especially in the lower part of the colon. Surprisingly, a higher level of these changes can cause even more tumors in the lower colon, but has no effect on the upper part of the intestine. Our findings suggest that these changes can be a strong contributor to the development of cancer, but that their effects can vary depending on the specific tissue involved.","Aneuploidy caused by chromosomal instability is frequently observed in cancer, but little is known about its contribution to tumor development. Here, the authors show that in the mouse intestine, the consequences of aneuploidy are exquisitely dependent on both its extent and anatomical location.",nature communications
"The spread of Coronavirus disease 19 (COVID-19) has led to many healthcare systems being overwhelmed by the rapid emergence of new cases. Here, we study the ramifications of hospital load due to COVID-19 morbidity on in-hospital mortality of patients with COVID-19 by analyzing records of all 22,636 COVID-19 patients hospitalized in Israel from mid-July 2020 to mid-January 2021. We show that even under moderately heavy patient load (>500 countrywide hospitalized severely-ill patients; the Israeli Ministry of Health defined 800 severely-ill patients as the maximum capacity allowing adequate treatment), in-hospital mortality rate of patients with COVID-19 significantly increased compared to periods of lower patient load (250–500 severely-ill patients): 14-day mortality rates were 22.1% (Standard Error 3.1%) higher (mid-September to mid-October) and 27.2% (Standard Error 3.3%) higher (mid-December to mid-January). We further show this higher mortality rate cannot be attributed to changes in the patient population during periods of heavier load.","Here is the text simplified for an adult audience:

The rapid spread of COVID-19 has put a lot of pressure on hospitals. We looked at the records of all 22,636 COVID-19 patients who were hospitalized in Israel from July 2020 to January 2021. Our study found that when hospitals were very busy (more than 500 severely ill patients), the death rate for COVID-19 patients in the hospital increased. Specifically, the death rate was 22.1% higher during a period of heavy load in September and October, and 27.2% higher during a period of heavy load in December and January. We also found that this increase in death rate wasn't due to changes in the types of patients being hospitalized during these periods.","COVID-19 has caused many healthcare systems to become overwhelmed, potentially impacting patient care. Here, the authors show that COVID-19-related in-hospital mortality rates in Israel increased in periods of moderate or high hospital load, independent of patient characteristics.",nature communications
"How climate and ecology affect key cultural transformations remains debated in the context of long-term socio-cultural development because of spatially and temporally disjunct climate and archaeological records. The introduction of agriculture triggered a major population increase across Europe. However, in Southern Scandinavia it was preceded by ~500 years of sustained population growth. Here we show that this growth was driven by long-term enhanced marine production conditioned by the Holocene Thermal Maximum, a time of elevated temperature, sea level and salinity across coastal waters. We identify two periods of increased marine production across trophic levels (P1 7600–7100 and P2 6400–5900 cal. yr BP) that coincide with markedly increased mollusc collection and accumulation of shell middens, indicating greater marine resource availability. Between ~7600–5900 BP, intense exploitation of a warmer, more productive marine environment by Mesolithic hunter-gatherers drove cultural development, including maritime technological innovation, and from ca. 6400–5900 BP, underpinned a ~four-fold human population growth.","Here's a simplified version of the text:

The relationship between climate, ecology, and cultural changes is still a topic of debate among scientists. In Europe, the introduction of agriculture led to a significant increase in population. However, in Southern Scandinavia, population growth began earlier, around 500 years before agriculture was introduced.

Our research suggests that this earlier growth was caused by a long-term increase in marine life, which was influenced by a period of warmer temperatures and rising sea levels during the Holocene Thermal Maximum. We found two periods when marine life was particularly abundant (around 7600-7100 and 6400-5900 years ago), which coincided with an increase in the collection and storage of shells, indicating greater access to marine resources.

During this time, hunter-gatherers in the region took advantage of the warmer, more productive marine environment, leading to technological innovations and a significant increase in population.","How the development of human societies is influenced through their ecological environment and climatic conditions has been the subject of intensive debate. Here, the authors present multi-proxy data from southern Scandinavia which suggests that pre-agricultural population growth there was likely influenced by enhanced marine production.",nature communications
"Despite the immense importance of enzyme–substrate reactions, there is a lack of general and unbiased tools for identifying and prioritizing substrate proteins that are modified by the enzyme on the structural level. Here we describe a high-throughput unbiased proteomics method called System-wide Identification and prioritization of Enzyme Substrates by Thermal Analysis (SIESTA). The approach assumes that the enzymatic post-translational modification of substrate proteins is likely to change their thermal stability. In our proof-of-concept studies, SIESTA successfully identifies several known and novel substrate candidates for selenoprotein thioredoxin reductase 1, protein kinase B (AKT1) and poly-(ADP-ribose) polymerase-10 systems. Wider application of SIESTA can enhance our understanding of the role of enzymes in homeostasis and disease, opening opportunities to investigate the effect of post-translational modifications on signal transduction and facilitate drug discovery.","Here is the simplified text:

Despite the importance of enzymes and the proteins they modify, there is a lack of reliable methods to identify and prioritize these proteins. We have developed a new method called SIESTA, which uses thermal analysis to identify proteins that are modified by enzymes. In our tests, SIESTA successfully identified known and new targets for three enzymes. This method has the potential to greatly improve our understanding of how enzymes contribute to health and disease, and could lead to new discoveries in the field of signal transduction and the development of new drugs.","The global identification of enzyme substrates is still challenging. Here, the authors develop a method based on proteome-wide thermal shift assays to discover enzyme substrates directly from cell lysates, identifying known and novel oxidoreductase, kinase and poly-(ADP-ribose) polymerase substrates.",nature communications
"Tuning the thermodynamic state of a material has a tremendous impact on its performance. In the case of polymers placed in proximity of a solid wall, this is possible by annealing above the glass transition temperature, Tg, which induces the formation of an adsorbed layer. Whether heating to higher temperatures would result in desorption, thereby reverting the thermodynamic state of the interface, has so far remained elusive, due to the interference of degradation. Here, we employ fast scanning calorimetry, allowing to investigate the thermodynamics of the interface while heating at 104 K s−1. We show that applying such rate to adsorbed polymer layers permits avoiding degradation and, therefore, we provide clear-cut evidence of desorption of a polymer melt. We found that the enthalpy and temperature of desorption are independent of the annealing temperature, which, in analogy to crystallization/melting, indicates that adsorption/desorption is a first order thermodynamic transition.","Here's a simplified version of the text:

When a material is placed near a solid surface, its properties can be changed by heating it above a certain temperature. This can create a layer of material on the surface. However, it's been difficult to study what happens when the material is heated further, because it can break down or degrade. In this research, we used a technique called fast scanning calorimetry to study the material while heating it slowly. We found that by heating the material slowly, we can avoid degradation and observe the material's properties changing. Specifically, we found that the material's ability to release its adsorbed layer is independent of how it was initially prepared, which suggests that this process is a fundamental property of the material, similar to how a solid melts or crystallizes.","Although adsorption of polymer chains at solid walls is well understood, their desorption has defied scrutiny so far. Cangialosi et al. use fast scanning calorimetry to rationalize the process before the high temperatures required for loosening the chains can break them apart.",nature communications
"Structured light, with spatially varying phase or polarization distributions, has given rise to many novel applications in fields ranging from optical communication to laser-based material processing. However the efficient and flexible generation of such beams from a compact laser source at practical output powers still remains a great challenge. Here we describe an approach capable of addressing this need based on the coherent combination of multiple tailored Gaussian beams emitted from a multicore fibre (MCF) amplifier. We report a proof-of-concept structured light generation experiment, using a cladding-pumped 7-core MCF amplifier as an integrated parallel amplifier array and a spatial light modulator (SLM) to actively control the amplitude, polarization and phase of the signal light input to each fibre core. We report the successful generation of various structured light beams including high-order linearly polarized spatial fibre modes, cylindrical vector (CV) beams and helical phase front optical vortex (OV) beams.","Here's a simplified version of the text:

Structured light, which has varying patterns of light and darkness, has many practical uses in fields like communication and material processing. However, creating this type of light from a compact laser source is still a challenge. We've developed a new approach to generate structured light using a special type of fiber optic amplifier and a device that can control the light's intensity, polarization, and phase. We've successfully created various types of structured light, including beams with specific patterns of light and darkness, and beams that rotate as they travel.","Structured light is a valuable addition to many optical applications. Here, the authors introduce a method for producing tailorable structured light beams at the output of a multicore fiber amplifier by controlling the input to each fiber core.",nature communications
"Photolysis has enabled the occurrence of numerous discoveries in chemistry, drug discovery and biology. However, there is a dearth of efficient long wavelength light mediated photolysis. Here, we report general and efficient long wavelength single photon method for a wide array of photolytic molecules via triplet-triplet annihilation photolysis. This method is versatile and “LEGO”-like. The light partners (the photosensitizers and the photolytic molecules) can be energetically matched to adapt to an extensive range of electromagnetic spectrum wavelengths and the diversified chemical structures of photoremovable protecting groups, photolabile linkages, as well as a broad array of targeted molecules. Compared to the existing photolysis methods, our strategy of triplet-triplet annihilation photolysis not only exhibits superior reaction yields, but also resolves the photodamage problem, regardless of whether they are single photon or multiple photon associated. Furthermore, the biological promise of this “LEGO” system was illustrated via developing ambient air-stable nanoparticles capable of triplet-triplet annihilation photolysis.","Here's a simplified version of the text:

Photolysis, a process that uses light to break chemical bonds, has led to many important discoveries in chemistry, medicine, and biology. However, there's a need for a more efficient way to use long-wavelength light to achieve this process. In this research, we've developed a new method called triplet-triplet annihilation photolysis that can be used with a wide range of molecules. This method is flexible and can be adapted to different types of light and chemical structures. Compared to existing methods, our approach not only produces better results, but also reduces the risk of damage to living cells. We've also demonstrated the potential of this method by creating nanoparticles that can perform this process in ambient air.","The use of short wavelength light in photolysis applications in chemistry and biology is limited by photolytic reaction yields, photodamage and photobleaching. Here, the authors report a general long wavelength single photon driven photolysis method using a triplet-triplet annihilation process.",nature communications
"Sexual reproduction is almost ubiquitous among extant eukaryotes. As most asexual lineages are short-lived, abandoning sex is commonly regarded as an evolutionary dead end. Still, putative anciently asexual lineages challenge this view. One of the most striking examples are bdelloid rotifers, microscopic freshwater invertebrates believed to have completely abandoned sexual reproduction tens of Myr ago. Here, we compare whole genomes of 11 wild-caught individuals of the bdelloid rotifer Adineta vaga and present evidence that some patterns in its genetic variation are incompatible with strict clonality and lack of genetic exchange. These patterns include genotype proportions close to Hardy-Weinberg expectations within loci, lack of linkage disequilibrium between distant loci, incongruent haplotype phylogenies across the genome, and evidence for hybridization between divergent lineages. Analysis of triallelic sites independently corroborates these findings. Our results provide evidence for interindividual genetic exchange and recombination in A. vaga, a species previously thought to be anciently asexual.","Here's a simplified version of the text:

Sexual reproduction is common among living organisms with complex cells (eukaryotes). Most species that don't reproduce sexually are short-lived and eventually go extinct. However, some ancient species have been found to have never reproduced sexually, despite being around for millions of years. One example is the bdelloid rotifer, a tiny freshwater animal that's thought to have given up sexual reproduction tens of millions of years ago. Our research compared the DNA of 11 wild bdelloid rotifers and found evidence that they still exchange genetic material and recombine their DNA, despite being thought to be anciently asexual. This challenges our understanding of how these animals evolved and reproduces.","Ancient, asexual lineages are rare as a lack of recombination is usually an evolutionary dead end. Here, authors compare complete genomes of 11 individual bdelloid rotifers that suggest evidence of regular genetic exchange between individuals in a species that was previously thought to be asexual.",nature communications
"Volcanoes with multiple summit vents present a methodological challenge for determining vent-specific gas emissions. Here, using a novel approach combining multiple ultraviolet cameras with synchronous aerial measurements, we calculate vent-specific gas compositions and fluxes for Stromboli volcano. Emissions from vent areas are spatially heterogeneous in composition and emission rate, with the central vent area dominating passive emissions, despite exhibiting the least explosive behaviour. Vents exhibiting Strombolian explosions emit low to negligible passive fluxes and are CO2-dominated, even during passive degassing. We propose a model for the conduit system based on contrasting rheological properties between vent areas. Our methodology has advantages for resolving contrasting outgassing dynamics given that measured bulk plume compositions are often intermediate between those of the distinct vent areas. We therefore emphasise the need for a vent-specific approach at multi-vent volcanoes and suggest that our approach could provide a transformative advance in volcano monitoring applications.","Here is the simplified text:

Volcanoes with multiple peaks are difficult to study because the gases they emit are different in each area. We used a new method that combines cameras and aerial measurements to study the gases coming from the different peaks of Stromboli volcano. We found that the gases emitted by the central peak are different from those emitted by the other peaks, even though the central peak doesn't produce the most explosive eruptions. The peaks that produce explosive eruptions emit very little gas when they're not erupting, and the gas they do emit is mostly carbon dioxide. We propose a model to explain how the gases move through the volcano's pipes, and we think our method could be a big improvement in monitoring volcanoes.","Combining multiple ultraviolet cameras with synchronous aerial measurements, the authors here present vent-specific gas compositions and fluxes for Stromboli volcano. The results show that gas compositions vary between different vents, mirroring differences in eruptive behavior.",nature communications
"Host cell proteins (HCPs) are process-related impurities generated during biotherapeutic protein production. HCPs can be problematic if they pose a significant metabolic demand, degrade product quality, or contaminate the final product. Here, we present an effort to create a “clean” Chinese hamster ovary (CHO) cell by disrupting multiple genes to eliminate HCPs. Using a model of CHO cell protein secretion, we predict that the elimination of unnecessary HCPs could have a non-negligible impact on protein production. We analyze the HCP content of 6-protein, 11-protein, and 14-protein knockout clones. These cell lines exhibit a substantial reduction in total HCP content (40%-70%). We also observe higher productivity and improved growth characteristics in specific clones. The reduced HCP content facilitates purification of a monoclonal antibody. Thus, substantial improvements can be made in protein titer and purity through large-scale HCP deletion, providing an avenue to increased quality and affordability of high-value biopharmaceuticals.","Here is the simplified text:

During the production of biotherapeutic proteins, unwanted proteins called host cell proteins (HCPs) are generated. These HCPs can be problematic because they can use up resources, degrade the quality of the final product, or contaminate it. To address this issue, we tried to create a ""clean"" cell line by disabling multiple genes to eliminate HCPs. We used a model to predict that removing unnecessary HCPs could significantly impact protein production. We analyzed the HCP content of several cell lines and found that they had a substantial reduction in HCP content (40-70%). We also observed that some of these cell lines had higher productivity and better growth characteristics. Additionally, the reduced HCP content made it easier to purify a monoclonal antibody. Overall, our results show that deleting HCPs can lead to improved protein quality and affordability.","Host cell proteins can contaminate biotherapeutics and compromise and degrade their quality. Here the authors use modelling and CRISPR to delete secreted host proteins in CHO cells, leading to improved monoclonal antibody production and purity.",nature communications
"Paper is the ideal substrate for the development of flexible and environmentally sustainable ubiquitous electronic systems, which, combined with two-dimensional materials, could be exploited in many Internet-of-Things applications, ranging from wearable electronics to smart packaging. Here we report high-performance MoS2 field-effect transistors on paper fabricated with a “channel array” approach, combining the advantages of two large-area techniques: chemical vapor deposition and inkjet-printing. The first allows the pre-deposition of a pattern of MoS2; the second, the printing of dielectric layers, contacts, and connections to complete transistors and circuits fabrication. Average ION/IOFF of 8 × 103 (up to 5 × 104) and mobility of 5.5 cm2 V−1 s−1 (up to 26 cm2 V−1 s−1) are obtained. Fully functional integrated circuits of digital and analog building blocks, such as logic gates and current mirrors, are demonstrated, highlighting the potential of this approach for ubiquitous electronics on paper.","Here's a simplified version of the text:

Paper is a great material for creating flexible and eco-friendly electronic devices that can be used in many everyday applications, such as wearable technology and smart packaging. We've developed a new way to make high-performance transistors on paper using a combination of two techniques: one that allows us to deposit a pattern of a special material called MoS2, and another that prints the necessary layers and connections to complete the transistors. Our results show that these transistors can perform well, with some even reaching exceptional levels. We've also demonstrated the ability to create fully functional electronic circuits using these transistors, which could lead to the development of ubiquitous electronics on paper.","Paper is a promising substrate for flexible and environmentally sustainable electronic devices. Here, the authors combine chemical vapor deposition of MoS2 with inkjet printing of a hexagonal boron nitride (hBN) dielectric and silver electrodes, to fabricate flexible MoS2 field-effect transistors on paper, and then combine the latter with printed graphene resistors and silver interconnects to create inverters, logic gates and current mirrors.",nature communications
"Sex determination mechanisms often differ even between related species yet the evolution of sex chromosomes remains poorly understood in all but a few model organisms. Some nematodes such as Caenorhabditis elegans have an XO sex determination system while others, such as the filarial parasite Brugia malayi, have an XY mechanism. We present a complete B. malayi genome assembly and define Nigon elements shared with C. elegans, which we then map to the genomes of other filarial species and more distantly related nematodes. We find a remarkable plasticity in sex chromosome evolution with several distinct cases of neo-X and neo-Y formation, X-added regions, and conversion of autosomes to sex chromosomes from which we propose a model of chromosome evolution across different nematode clades. The phylum Nematoda offers a new and innovative system for gaining a deeper understanding of sex chromosome evolution.","Here's a simplified version of the text:

The way species determine their sex can be different, even among closely related ones. Scientists have a good understanding of how sex chromosomes work in a few well-studied species, but not in many others. We've studied the genome of a parasitic worm called Brugia malayi, which has a different sex determination system than some other worms. We found similarities with another well-studied worm, Caenorhabditis elegans, and used that to study the genomes of other related worms. Our findings show that the evolution of sex chromosomes is more flexible than we thought, with different species forming new sex chromosomes in different ways. This research helps us understand how sex chromosomes evolved across different groups of worms.","Many nematode worms, including Caenorhabditis elegans have XX/XO sex determination, while other species have XY. The authors use a new genome assembly of the filarial parasite Brugia malayi and published data to show that nematode sex chromosome evolution is highly plastic.",nature communications
"Recently, deep learning has unlocked unprecedented success in various domains, especially using images, text, and speech. However, deep learning is only beneficial if the data have nonlinear relationships and if they are exploitable at available sample sizes. We systematically profiled the performance of deep, kernel, and linear models as a function of sample size on UKBiobank brain images against established machine learning references. On MNIST and Zalando Fashion, prediction accuracy consistently improves when escalating from linear models to shallow-nonlinear models, and further improves with deep-nonlinear models. In contrast, using structural or functional brain scans, simple linear models perform on par with more complex, highly parameterized models in age/sex prediction across increasing sample sizes. In sum, linear models keep improving as the sample size approaches ~10,000 subjects. Yet, nonlinearities for predicting common phenotypes from typical brain scans remain largely inaccessible to the examined kernel and deep learning methods.","Recently, a type of artificial intelligence called deep learning has been very successful in many areas, such as recognizing images, understanding text, and recognizing speech. However, deep learning only works well if the data has complex relationships and can be used with a limited amount of information. We tested different types of models, including simple and complex ones, to see how well they performed on brain images from a large database. We found that simple models worked just as well as complex ones when predicting age and sex from brain scans, even with a large amount of data. However, when trying to predict more complex things from brain scans, the simple models didn't work as well and the complex models struggled to make accurate predictions.",Schulz et al. systematically benchmark performance scaling with increasingly sophisticated prediction algorithms and with increasing sample size in reference machine-learning and biomedical datasets. Complicated nonlinear intervariable relationships remain largely inaccessible for predicting key phenotypes from typical brain scans.,nature communications
"Precisely controlled deuterium labeling at specific sites of N-alkyl drugs is crucial in drug-development as over 50% of the top-selling drugs contain N-alkyl groups, in which it is very challenging to selectively replace protons with deuterium atoms. With the goal of achieving controllable isotope-labeling in N-alkylated amines, we herein rationally design photocatalytic water-splitting to furnish [H] or [D] and isotope alkanol-oxidation by photoexcited electron-hole pairs on a polymeric semiconductor. The controlled installation of N-CH3, -CDH2, -CD2H, -CD3, and -13CH3 groups into pharmaceutical amines thus has been demonstrated by tuning isotopic water and methanol. More than 50 examples with a wide range of functionalities are presented, demonstrating the universal applicability and mildness of this strategy. Gram-scale production has been realized, paving the way for the practical photosynthesis of pharmaceuticals.","Here is the simplified text:

Controlling the placement of deuterium atoms in certain parts of medications is crucial in the development of new drugs. Many top-selling drugs contain these atoms, which are difficult to replace with deuterium. To achieve this, we have developed a method to use light to split water into hydrogen and deuterium, and then use this process to add deuterium atoms to medications. This method allows us to precisely control the placement of deuterium atoms in over 50 different medications, demonstrating its versatility and mildness. We have also successfully produced large quantities of these medications, paving the way for the practical production of pharmaceuticals using this method.","Controllable deuteration of N-alkyl amines is crucial in drug-development as they constitute over 50% of the top-selling drugs. Here, the authors report a polymeric semiconductor acting as photocatalyst in water-splitting and in isotope alkanol-oxidation by photoexcited electron-hole pairs, and furnishing deuterated amines.",nature communications
"Insufficient eradication capacity and dysfunction are common occurrences in T cells that characterize cancer immunotherapy failure. De novo DNA methylation promotes T cell exhaustion, whereas methylation inhibition enhances T cell rejuvenation in vivo. Decitabine, a DNA methyltransferase inhibitor approved for clinical use, may provide a means of modifying exhaustion-associated DNA methylation programmes. Herein, anti-tumour activities, cytokine production, and proliferation are enhanced in decitabine-treated chimeric antigen receptor T (dCAR T) cells both in vitro and in vivo. Additionally, dCAR T cells can eradicate bulky tumours at a low-dose and establish effective recall responses upon tumour rechallenge. Antigen-expressing tumour cells trigger higher expression levels of memory-, proliferation- and cytokine production-associated genes in dCAR T cells. Tumour-infiltrating dCAR T cells retain a relatively high expression of memory-related genes and low expression of exhaustion-related genes in vivo. In vitro administration of decitabine may represent an option for the generation of CAR T cells with improved anti-tumour properties.","Here is the simplified text:

Cancer immunotherapy, which uses the body's immune system to fight cancer, often fails because the immune cells (T cells) that are supposed to attack the cancer are not functioning properly. This is due to changes in the DNA of these T cells, which can be reversed by a medication called decitabine. Decitabine has been approved for use in humans and has been shown to improve the function of T cells that have been engineered to target cancer cells (CAR T cells).

In laboratory tests, CAR T cells treated with decitabine were able to kill cancer cells more effectively, produce more anti-cancer proteins, and multiply more quickly. Additionally, these CAR T cells were able to remember the cancer cells and attack them again if the cancer came back. The medication also helped the CAR T cells to retain their ability to remember the cancer cells and attack them again, even when they were not in contact with the cancer cells.

Overall, the use of decitabine may be a way to improve the effectiveness of CAR T cell therapy for cancer treatment.","De novo DNA methylation has been associated with T cell exhaustion in cancer immunotherapy. Here the authors show that the pre-treatment of CD19 CAR-T cells with the DNA methyltransferase inhibitor decitabine limits exhaustion and confers enhanced proliferative, effector and memory properties upon antigen exposure, with improved tumor control.",nature communications
"Prompt identification of acute coronary syndrome is a challenge in clinical practice. The 12-lead electrocardiogram (ECG) is readily available during initial patient evaluation, but current rule-based interpretation approaches lack sufficient accuracy. Here we report machine learning-based methods for the prediction of underlying acute myocardial ischemia in patients with chest pain. Using 554 temporal-spatial features of the 12-lead ECG, we train and test multiple classifiers on two independent prospective patient cohorts (n = 1244). While maintaining higher negative predictive value, our final fusion model achieves 52% gain in sensitivity compared to commercial interpretation software and 37% gain in sensitivity compared to experienced clinicians. Such an ultra-early, ECG-based clinical decision support tool, when combined with the judgment of trained emergency personnel, would help to improve clinical outcomes and reduce unnecessary costs in patients with chest pain.","Here is the simplified text:

Identifying acute coronary syndrome (a serious heart condition) quickly is a challenge in medical practice. The 12-lead electrocardiogram (ECG) is a common tool used during initial patient evaluation, but current methods for interpreting the results are not accurate enough. We developed machine learning-based methods to predict whether a patient with chest pain is experiencing acute myocardial ischemia (a condition where the heart is not getting enough blood). We used 554 features from the 12-lead ECG to train and test multiple models on two separate patient groups (totaling 1244 patients). Our final model showed a significant improvement in accuracy compared to commercial software and experienced clinicians. This ultra-early, ECG-based tool, used in combination with the judgment of trained emergency personnel, could lead to better patient outcomes and reduced costs for patients with chest pain.","Diagnosing a heart attack requires excessive testing and prolonged observation, which frequently requires hospital admission. Here the authors report a machine learning-based system based exclusively on ECG data that can help clinicians identify 37% more heart attacks during initial screening.",nature communications
"Poor tissue penetration remains a major challenge for antibody-based therapeutics of solid tumors, but proper dosing can improve the tissue penetration and thus therapeutic efficacy of these biologics. Due to dose-limiting toxicity of the small molecule payload, antibody-drug conjugates (ADCs) are administered at a much lower dose than their parent antibodies, which further reduces tissue penetration. We conducted an early-phase clinical trial (NCT02415881) and previously reported the safety of an antibody-dye conjugate (panitumumab-IRDye800CW) as primary outcome. Here, we report a retrospective exploratory analysis of the trial to evaluate whether co-administration of an unconjugated antibody could improve the intratumoral distribution of the antibody-dye conjugate in patients. By measuring the multiscale distribution of the antibody-dye conjugate, this study demonstrates improved microscopic antibody distribution without increasing uptake (toxicity) in healthy tissue when co-administered with the parent antibody, supporting further clinical investigation of the co-administration dosing strategy to improve the tumor penetration of ADCs.","Here is the text simplified for an adult audience:

One of the biggest challenges with using antibodies to treat solid tumors is that they don't penetrate the tissue well. However, using the right dose can help improve this. Antibody-drug conjugates (ADCs) are given in smaller doses than their parent antibodies because the small molecule payload can be toxic. We conducted a small clinical trial to test the safety of an antibody-dye conjugate. Now, we're reporting a follow-up analysis to see if giving an unconjugated antibody along with the antibody-dye conjugate can improve how well it spreads within tumors. Our results show that co-administering the unconjugated antibody can improve the distribution of the antibody-dye conjugate within tumors without increasing toxicity in healthy tissue. This suggests that this dosing strategy could be worth exploring further in clinical trials to improve the effectiveness of ADCs.","Antibody-drug conjugates targeting high expression receptors can suffer from poor tumour penetration. Here, the authors use unconjugated antibody to improve the penetration of an antibody-dye conjugate in a clinical study, supporting further clinical investigation of the co-administration strategy.",nature communications
"Iron phthalocyanine (FePc) is a promising non-precious catalyst for the oxygen reduction reaction (ORR). Unfortunately, FePc with plane-symmetric FeN4 site usually exhibits an unsatisfactory ORR activity due to its poor O2 adsorption and activation. Here, we report an axial Fe–O coordination induced electronic localization strategy to improve its O2 adsorption, activation and thus the ORR performance. Theoretical calculations indicate that the Fe–O coordination evokes the electronic localization among the axial direction of O–FeN4 sites to enhance O2 adsorption and activation. To realize this speculation, FePc is coordinated with an oxidized carbon. Synchrotron X-ray absorption and Mössbauer spectra validate Fe–O coordination between FePc and carbon. The obtained catalyst exhibits fast kinetics for O2 adsorption and activation with an ultralow Tafel slope of 27.5 mV dec−1 and a remarkable half-wave potential of 0.90 V. This work offers a new strategy to regulate catalytic sites for better performance.","Here's a simplified version of the text:

Iron phthalocyanine (FePc) is a promising material for reducing oxygen in fuel cells. However, its performance is limited by its poor ability to adsorb and activate oxygen. To improve this, we've developed a new strategy that involves coordinating FePc with an oxidized carbon. This coordination helps to enhance the adsorption and activation of oxygen, making the material more effective. Our experiments using X-ray absorption and Mössbauer spectroscopy confirm the presence of this coordination. The resulting catalyst shows fast oxygen adsorption and activation, with a low energy requirement and a high potential for use in fuel cells. This work presents a new approach to designing catalysts for better performance.","Iron phthalocyanine with a 2D structure and symmetric electron distribution around Fe-N4 active sites is not optimal for O2 adsorption and activation. Here, the authors report an axial Fe–O coordination induced electronic localization strategy to enhance oxygen reduction reaction performance.",nature communications
"Using Hi-C, promoter-capture Hi-C (pCHi-C), and other genome-wide approaches in skeletal muscle progenitors that inducibly express a master transcription factor, Pax7, we systematically characterize at high-resolution the spatio-temporal re-organization of compartments and promoter-anchored interactions as a consequence of myogenic commitment and differentiation. We identify key promoter-enhancer interaction motifs, namely, cliques and networks, and interactions that are dependent on Pax7 binding. Remarkably, Pax7 binds to a majority of super-enhancers, and together with a cadre of interacting transcription factors, assembles feed-forward regulatory loops. During differentiation, epigenetic memory and persistent looping are maintained at a subset of Pax7 enhancers in the absence of Pax7. We also identify and functionally validate a previously uncharacterized Pax7-bound enhancer hub that regulates the essential myosin heavy chain cluster during skeletal muscle cell differentiation. Our studies lay the groundwork for understanding the role of Pax7 in orchestrating changes in the three-dimensional chromatin conformation in muscle progenitors.","Here's a simplified version of the text:

We used advanced techniques to study the changes in the structure of DNA in muscle cells as they develop from stem cells. We focused on a specific protein called Pax7, which plays a crucial role in this process. By analyzing the data, we found that Pax7 binds to many areas of the DNA, forming loops that help regulate gene expression. We also discovered that Pax7 is involved in the formation of ""super-enhancers"", which are areas of the DNA that are highly active during muscle development.

During the development process, we found that some of these loops are maintained even after Pax7 is no longer present. This suggests that the changes in DNA structure are ""remembered"" and can be passed on to future generations of muscle cells.

We also identified a previously unknown area of the DNA that is controlled by Pax7 and is essential for the development of muscle cells. Our findings provide new insights into how Pax7 orchestrates the changes in DNA structure that occur during muscle development.",Chromatin structure and topology play important roles in the regulation of gene expression. Here the authors study the spatio-temporal re-organization of promoter-enhancer interactions in pluripotent ES and skeletal muscle stem cells and the corresponding impact on gene expression as a consequence of myogenic commitment and differentiation.,nature communications
"PIWI-clade Argonaute proteins associate with PIWI-interacting RNAs (piRNAs), and silence transposons in animal gonads. Here, we report the crystal structure of the Drosophila PIWI-clade Argonaute Piwi in complex with endogenous piRNAs, at 2.9 Å resolution. A structural comparison of Piwi with other Argonautes highlights the PIWI-specific structural features, such as the overall domain arrangement and metal-dependent piRNA recognition. Our structural and biochemical data reveal that, unlike other Argonautes including silkworm Siwi, Piwi has a non-canonical DVDK tetrad and lacks the RNA-guided RNA cleaving slicer activity. Furthermore, we find that the Piwi mutant with the canonical DEDH catalytic tetrad exhibits the slicer activity and readily dissociates from less complementary RNA targets after the slicer-mediated cleavage, suggesting that the slicer activity could compromise the Piwi-mediated co-transcriptional silencing. We thus propose that Piwi lost the slicer activity during evolution to serve as an RNA-guided RNA-binding platform, thereby ensuring faithful co-transcriptional silencing of transposons.","Here is the simplified text:

We studied the structure of a protein called Piwi, which is found in the gonads of animals, including flies. Piwi works with small RNA molecules called piRNAs to silence transposons, which are pieces of DNA that can jump from one location to another. We determined the structure of Piwi bound to piRNAs at a very high resolution.

By comparing Piwi's structure to other similar proteins, we found that it has some unique features that allow it to recognize and bind to piRNAs. Unlike other similar proteins, Piwi does not have an enzyme activity that cuts RNA. Instead, it binds to RNA and helps silence transposons.

We also found that if we modify Piwi to have the enzyme activity, it can cut RNA, but it also loses its ability to bind to RNA and silence transposons. This suggests that Piwi's lack of enzyme activity is important for its function in silencing transposons.

Overall, our findings suggest that Piwi evolved to be a specialized protein that binds to RNA and helps silence transposons, rather than having the ability to cut RNA.","PIWI-clade Argonautes bind PIWI-interacting RNAs (piRNAs) to silence transposons and maintain genome integrity in animal gonads. Here the authors present the crystal structure of a Drosophila Piwi–piRNA complex isolated from cultured fly ovarian somatic cells and find that it contains a non-canonical DVDK tetrad, and lacks slicer activity in vitro.",nature communications
"Dedicated control of oxygen vacancies is an important route to functionalizing complex oxide films. It is well-known that tensile strain significantly lowers the oxygen vacancy formation energy, whereas compressive strain plays a minor role. Thus, atomic reconstruction by extracting oxygen from a compressive-strained film is challenging. Here we report an unexpected LaCoO2.5 phase with a zigzag-like oxygen vacancy ordering through annealing a compressive-strained LaCoO3 in vacuum. The synergetic tilt and distortion of CoO5 square pyramids with large La and Co shifts are quantified using scanning transmission electron microscopy. The large in-plane expansion of CoO5 square pyramids weaken the crystal field splitting and facilitated the ordered high-spin state of Co2+, which produces an insulating ferromagnetic state with a Curie temperature of ~284 K and a saturation magnetization of ~0.25 μB/Co. These results demonstrate that extracting targeted oxygen from a compressive-strained oxide provides an opportunity for creating unexpected crystal structures and novel functionalities.","Here's a simplified version of the text:

Controlling the number of oxygen vacancies in complex oxide films is crucial for creating new materials with specific properties. It's known that stretching a film (tensile strain) makes it easier to remove oxygen, while compressing it (compressive strain) makes it harder. We've discovered a surprising new phase in a LaCoO3 film that was compressed and then heated in a vacuum. This phase, called LaCoO2.5, has a unique arrangement of oxygen vacancies that we've studied using a powerful microscope.

The microscope revealed that the arrangement of oxygen vacancies is connected to the way the atoms are arranged in the film. This unusual arrangement allows the cobalt atoms to be in a special state, which gives the material an insulating and magnetic property. This property is unusual because it's not typically found in similar materials. Our findings show that compressing a film and then removing oxygen can create new and unexpected materials with unique properties.","Here, Zhang et al. succeed in creating a heavily distorted oxygen deficient film of lanthanum cobaltite. The new phase of LaCoO2.5 has several unique properties, most notably, a Curie temperature of 284 K, significantly larger than the films from which it was derived.",nature communications
"Para-nematic phases, induced by unwinding chiral helices, spontaneously relax to a chiral ground state through phase ordering dynamics that are of great interest and crucial for applications such as stimuli-responsive and biomimetic engineering. In this work, we characterize the cholesteric phase relaxation behaviors of β-lactoglobulin amyloid fibrils and cellulose nanocrystals confined into cylindrical capillaries, uncovering two different equilibration pathways. The integration of experimental measurements and theoretical predictions reveals the starkly distinct underlying mechanism behind the relaxation dynamics of β-lactoglobulin amyloid fibrils, characterized by slow equilibration achieved through consecutive sigmoidal-like steps, and of cellulose nanocrystals, characterized by fast equilibration obtained through smooth relaxation dynamics. Particularly, the specific relaxation behaviors are shown to emerge from the order parameter of the unwound cholesteric medium, which depends on chirality and elasticity. The experimental findings are supported by direct numerical simulations, allowing to establish hard-to-measure viscoelastic properties without applying magnetic or electric fields.","Here's a simplified version of the text:

We studied how certain materials, like protein fibers and cellulose crystals, behave when they're confined in narrow tubes. These materials can change shape in response to their environment, which is important for applications like creating materials that can change shape in response to light or temperature.

We found that these materials relax to a stable state through different mechanisms. The protein fibers take a long time to relax, but do so in a series of steps. The cellulose crystals, on the other hand, relax quickly and smoothly.

Our research shows that the way these materials relax depends on their internal structure and how flexible they are. We were able to measure the properties of these materials without using external forces like magnets or electricity, which is important for understanding how they behave in different situations.","Relaxation of liquid crystals is crucial in a broad area, e.g. biomimicry and stimuli-responsive material design. Here Khadem et al explore distinct relaxations, reveal the corresponding physics and propose a novel method for estimating viscoelastic properties without applying external fields.",nature communications
"Currently, the key challenge in triboelectric nanogenerators (TENGs) is how to efficiently enhance the surface charge density. Here, a new strategy is proposed to increase the surface charge density by comprehensively utilizing solar energy and tidal energy, and a bioinspired photoelectric-electromechanical integrated TENG (Pem-iTENG) is developed. This enhancement of output performance is greatly attributed to the accumulation of photoelectrons from photocatalysis and the triboelectric negative charges from contact electrification. Pem-iTENG shows a maximal open-circuit voltage of 124.2 V and a maximal short-circuit current density of 221.6 μA cm−2 under tidal wave and sunlight, an improvement by nearly a factor of 10 over that of reported TENGs based on solid-liquid contact electrification. More importantly, it exhibits a high energy conversion efficiency according to the evaluation method for solar cells. This work provides insights into development of high-performance TENGs by using different natural energy sources.","Here's a simplified version of the text:

The main challenge in creating triboelectric nanogenerators (TENGs) is finding ways to increase the amount of electric charge they can produce. We've developed a new approach that uses both sunlight and tidal energy to boost the charge density. This new device, called a photoelectric-electromechanical integrated TENG (Pem-iTENG), is inspired by nature and uses two different methods to generate electric charges. The result is a significant increase in the device's output performance, with a maximum voltage of 124.2 volts and a maximum current density of 221.6 microamperes per square centimeter. This is a major improvement over previous TENGs that relied on solid-liquid contact electrification. Additionally, our device has a high energy conversion efficiency, similar to that of solar cells. This breakthrough could lead to the development of high-performance TENGs that harness different natural energy sources.","Increasing the surface charge density of a triboelectric nanogenerator (TENG) under a single energy source is of wide interest. Here, the authors increase the surface charge density by comprehensively utilizing solar energy and tidal energy to develop a bioinspired photoelectric-electromechanical integrated TENG.",nature communications
"People and other animals learn the values of choices by observing the contingencies between them and their outcomes. However, decisions are not guided by choice-linked reward associations alone; macaques also maintain a memory of the general, average reward rate – the global reward state – in an environment. Remarkably, global reward state affects the way that each choice outcome is valued and influences future decisions so that the impact of both choice success and failure is different in rich and poor environments. Successful choices are more likely to be repeated but this is especially the case in rich environments. Unsuccessful choices are more likely to be abandoned but this is especially likely in poor environments. Functional magnetic resonance imaging (fMRI) revealed two distinct patterns of activity, one in anterior insula and one in the dorsal raphe nucleus, that track global reward state as well as specific outcome events.","Here's a simplified version of the text:

When people and animals make choices, they learn from the consequences of those choices. However, they also consider the overall reward rate in their environment. This ""global reward state"" affects how they value each choice outcome and influences their future decisions. In rich environments, successful choices are more likely to be repeated, while in poor environments, unsuccessful choices are more likely to be abandoned. Brain scans have shown that two specific areas of the brain, the anterior insula and dorsal raphe nucleus, are involved in tracking both the overall reward state and the outcome of individual choices.",Wittmann and colleagues show that not only single outcome events but also the global reward state (GRS) impact learning in macaques; low GRS drives explorative choices. Analyses of macaque BOLD signal reveals that GRS impacts activity in the anterior insula as well as the dorsal raphe nucleus.,nature communications
"The rapid progress in mass-market applications of metal-ion batteries intensifies the development of economically feasible electrode materials based on earth-abundant elements. Here, we report on a record-breaking titanium-based positive electrode material, KTiPO4F, exhibiting a superior electrode potential of 3.6 V in a potassium-ion cell, which is extraordinarily high for titanium redox transitions. We hypothesize that such an unexpectedly major boost of the electrode potential benefits from the synergy of the cumulative inductive effect of two anions and charge/vacancy ordering. Carbon-coated electrode materials display no capacity fading when cycled at 5C rate for 100 cycles, which coupled with extremely low energy barriers for potassium-ion migration of 0.2 eV anticipates high-power applications. Our contribution shows that the titanium redox activity traditionally considered as “reducing” can be upshifted to near-4V electrode potentials thus providing a playground to design sustainable and cost-effective titanium-containing positive electrode materials with promising electrochemical characteristics.","Here's a simplified version of the text:

We've developed a new type of battery material that uses titanium, a common element found in the earth. This material, called KTiPO4F, has a very high voltage of 3.6 volts, which is unusual for titanium-based batteries. We think this high voltage is due to the way the atoms in the material are arranged.

Our tests showed that this material can be used in a battery without losing its ability to hold a charge, even when the battery is used quickly. This is important because it means that this material could be used in high-power applications, such as powering electric vehicles.

Our discovery shows that titanium, which is often thought of as a ""reducing"" material, can actually be used to create high-voltage battery materials. This could lead to the development of more sustainable and cost-effective battery materials in the future.","The Ti4+/Ti3+ redox couple is usually a good choice for anodes due to its low potential. Here, the authors show that the potential can be increased to nearly 4.0 V in KTiPO4F, which serves as a high-performance cathode for K-ion batteries.",nature communications
"Multiple myeloma is a plasma cell blood cancer with frequent chromosomal translocations leading to gene fusions. To determine the clinical relevance of fusion events, we detect gene fusions from a cohort of 742 patients from the Multiple Myeloma Research Foundation CoMMpass Study. Patients with multiple clinic visits enable us to track tumor and fusion evolution, and cases with matching peripheral blood and bone marrow samples allow us to evaluate the concordance of fusion calls in patients with high tumor burden. We examine the joint upregulation of WHSC1 and FGFR3 in samples with t(4;14)-related fusions, and we illustrate a method for detecting fusions from single cell RNA-seq. We report fusions at MYC and a neighboring gene, PVT1, which are related to MYC translocations and associated with divergent progression-free survival patterns. Finally, we find that 4% of patients may be eligible for targeted fusion therapies, including three with an NTRK1 fusion.","Here is the text simplified for an adult audience:

Multiple myeloma is a type of blood cancer that affects plasma cells. To understand how this cancer develops and progresses, we analyzed the genetic information of 742 patients with multiple myeloma. By tracking the changes in the cancer cells over time, we can see how the genetic information changes and how this affects the patient's outcome.

We found that some patients have genetic changes that can be targeted with specific treatments. Specifically, we found that 4% of patients may be eligible for targeted therapies that can help treat their cancer. We also discovered that some patients have genetic changes that are associated with different outcomes, including some that are more aggressive and others that are less aggressive.

Overall, our study provides new insights into the genetic changes that occur in multiple myeloma and how these changes can be targeted with specific treatments.","Multiple myeloma is characterised by frequent gene fusions. Here, the authors use data from the Multiple Myeloma Research Foundation CoMMpass Study to further investigate fusion genes in this disease and their clinical relevance.",nature communications
"Claudin-low breast cancers are aggressive tumors defined by the low expression of key components of cellular junctions, associated with mesenchymal and stemness features. Although they are generally considered as the most primitive breast malignancies, their histogenesis remains elusive. Here we show that this molecular subtype of breast cancers exhibits a significant diversity, comprising three main subgroups that emerge from unique evolutionary processes. Genetic, gene methylation and gene expression analyses reveal that two of the subgroups relate, respectively, to luminal breast cancers and basal-like breast cancers through the activation of an EMT process over the course of tumor progression. The third subgroup is closely related to normal human mammary stem cells. This unique subgroup of breast cancers shows a paucity of genomic aberrations and a low frequency of TP53 mutations, supporting the emerging notion that the intrinsic properties of the cell-of-origin constitute a major determinant of the genetic history of tumorigenesis.","Here is the simplified text:

Breast cancers that are considered ""Claudin-low"" are aggressive and have a unique set of characteristics. They are often thought to be the most basic or primitive form of breast cancer, but the exact way they develop is still not fully understood. Our research has found that this type of breast cancer is actually quite diverse and can be divided into three main groups. Two of these groups are related to other types of breast cancer, such as luminal and basal-like breast cancers, and develop through a process called epithelial-to-mesenchymal transition (EMT). The third group is more closely related to normal breast stem cells. This subgroup of breast cancers has relatively few genetic changes and a low frequency of mutations in the TP53 gene, which suggests that the characteristics of the cell that gives rise to the cancer play a major role in determining its genetic history.","Claudin-low tumors are a rare aggressive subtype of breast cancers. In this study, the authors use a multiomics approach to demonstrate that these tumors are heterogeneous and comprise three main subgroups that emerge from different evolutionary processes.",nature communications
"Organic semiconductors are commonly used as charge-extraction layers in metal-halide perovskite solar cells. However, parasitic light absorption in the sun-facing front molecular layer, through which sun light must propagate before reaching the perovskite layer, may lower the power conversion efficiency of such devices. Here, we show that such losses may be eliminated through efficient excitation energy transfer from a photoexcited polymer layer to the underlying perovskite. Experimentally observed energy transfer between a range of different polymer films and a methylammonium lead iodide perovskite layer was used as basis for modelling the efficacy of the mechanism as a function of layer thickness, photoluminescence quantum efficiency and absorption coefficient of the organic polymer film. Our findings reveal that efficient energy transfer can be achieved for thin (≤10 nm) organic charge-extraction layers exhibiting high photoluminescence quantum efficiency. We further explore how the morphology of such thin polymer layers may be affected by interface formation with the perovskite.","Here's a simplified version of the text:

Organic semiconductors are often used in solar cells that use metal-halide perovskites. However, the light that enters the solar cell can be absorbed by the organic layer before it reaches the perovskite, which can reduce the solar cell's efficiency. In this study, we show that this problem can be solved by transferring energy from a polymer layer to the perovskite. We tested this idea by studying the energy transfer between different polymer films and a perovskite layer. Our results show that this energy transfer can be efficient if the polymer layer is thin (less than 10 nanometers) and has a high ability to emit light. We also investigated how the structure of the polymer layer changes when it forms an interface with the perovskite.","The performance of perovskite solar cells can be limited by light absorption loss in organic charge extraction layers, through which sun light must propagate before reaching the perovskite. Here, the authors demonstrate that efficient energy transfer to the perovskite layer from a thin organic layer is able to eliminate this parasitic loss.",nature communications
"Parasitic plants of the genus Cuscuta penetrate shoots of host plants with haustoria and build a connection to the host vasculature to exhaust water, solutes and carbohydrates. Such infections usually stay unrecognized by the host and lead to harmful host plant damage. Here, we show a molecular mechanism of how plants can sense parasitic Cuscuta. We isolated an 11 kDa protein of the parasite cell wall and identified it as a glycine-rich protein (GRP). This GRP, as well as its minimal peptide epitope Crip21, serve as a pathogen-associated molecular pattern and specifically bind and activate a membrane-bound immune receptor of tomato, the Cuscuta Receptor 1 (CuRe1), leading to defense responses in resistant hosts. These findings provide the initial steps to understand the resistance mechanisms against parasitic plants and further offer great potential for protecting crops by engineering resistance against parasitic plants.","Here's a simplified version of the text:

Some plants, like Cuscuta, are parasites that attach themselves to other plants and take their water, nutrients, and energy. These parasites can harm the host plant without being detected. Our research has discovered a way that host plants can recognize and respond to these parasites. We found a small protein on the surface of the parasite that triggers a response in the host plant's immune system. This response helps the host plant defend itself against the parasite. Our findings can help us understand how plants resist these parasites and potentially develop ways to protect crops from them.","Parasitic plants such as Cuscuta penetrate the shoots of susceptible hosts to obtain sugars, solutes and water. Here the authors show that resistant varieties of tomato can trigger an immune response against Cuscuta by perceiving a small glycine rich protein produced by the parasite.",nature communications
"Directed evolution of the ribosome for expanded substrate incorporation and novel functions is challenging because the requirement of cell viability limits the mutations that can be made. Here we address this challenge by combining cell-free synthesis and assembly of translationally competent ribosomes with ribosome display to develop a fully in vitro methodology for ribosome synthesis and evolution (called RISE). We validate the RISE method by selecting active genotypes from a ~1.7 × 107 member library of ribosomal RNA (rRNA) variants, as well as identifying mutant ribosomes resistant to the antibiotic clindamycin from a library of ~4 × 103 rRNA variants. We further demonstrate the prevalence of positive epistasis in resistant genotypes, highlighting the importance of such interactions in selecting for new function. We anticipate that RISE will facilitate understanding of molecular translation and enable selection of ribosomes with altered properties.","Here's a simplified version of the text:

We've developed a new way to create and modify ribosomes, the cellular machines that build proteins, outside of living cells. This allows us to make changes that would be difficult or impossible to make in a living cell, where the cell's survival is dependent on the ribosomes functioning properly.

We tested this new method, called RISE, by creating large libraries of ribosome variants and selecting those that are functional or resistant to antibiotics. We found that some of these variants had new properties, such as resistance to antibiotics, and that these properties were often dependent on interactions between different parts of the ribosome.

We believe that this new method will help us better understand how ribosomes work and how we can modify them to have new functions.",Directed evolution of the ribosome is challenging because the requirement of cell viability limits the mutations that can be made. Here the authors develop a platform for in vitro ribosome synthesis and evolution (RISE) to overcome these constraints.,nature communications
"The recent discoveries of strikingly large zero-field Hall and Nernst effects in antiferromagnets Mn3X (X = Sn, Ge) have brought the study of magnetic topological states to the forefront of condensed matter research and technological innovation. These effects are considered fingerprints of Weyl nodes residing near the Fermi energy, promoting Mn3X (X = Sn, Ge) as a fascinating platform to explore the elusive magnetic Weyl fermions. In this review, we provide recent updates on the insights drawn from experimental and theoretical studies of Mn3X (X = Sn, Ge) by combining previous reports with our new, comprehensive set of transport measurements of high-quality Mn3Sn and Mn3Ge single crystals. In particular, we report magnetotransport signatures specific to chiral anomalies in Mn3Ge and planar Hall effect in Mn3Sn, which have not yet been found in earlier studies. The results summarized here indicate the essential role of magnetic Weyl fermions in producing the large transverse responses in the absence of magnetization.","Here's a simplified version of the text:

Recent research has made significant discoveries about a type of material called Mn3X (where X is Sn or Ge). These materials have unique properties that are of great interest to scientists and could lead to new technologies. The properties are thought to be caused by tiny particles called Weyl fermions, which are hard to find and study.

In this report, we summarize the latest findings from experiments and computer simulations about Mn3X. We also present new data from high-quality samples of Mn3Sn and Mn3Ge. Our results show that these materials have specific properties that haven't been seen before, and that these properties are likely caused by the presence of Weyl fermions.","The large anomalous Hall (AHE) and anomalous Nernst effects (ANE) in antiferromagnets Mn3Sn/Mn3Ge are considered fingerprints of Weyl nodes residing near the Fermi energy. Here, the authors review the results from previous studies combining with new transport measurements on Mn3Sn/Mn3Ge single crystals, suggesting the essential role of magnetic Weyl fermions in explaining the AHE and ANE.",nature communications
"Branched-chain amino acids (BCAA) and their cognate α-ketoacids (BCKA) are elevated in an array of cardiometabolic diseases. Here we demonstrate that the major metabolic fate of uniformly-13C-labeled α-ketoisovalerate ([U-13C]KIV) in the heart is reamination to valine. Activation of cardiac branched-chain α-ketoacid dehydrogenase (BCKDH) by treatment with the BCKDH kinase inhibitor, BT2, does not impede the strong flux of [U-13C]KIV to valine. Sequestration of BCAA and BCKA away from mitochondrial oxidation is likely due to low levels of expression of the mitochondrial BCAA transporter SLC25A44 in the heart, as its overexpression significantly lowers accumulation of [13C]-labeled valine from [U-13C]KIV. Finally, exposure of perfused hearts to levels of BCKA found in obese rats increases phosphorylation of the translational repressor 4E-BP1 as well as multiple proteins in the MEK-ERK pathway, leading to a doubling of total protein synthesis. These data suggest that elevated BCKA levels found in obesity may contribute to pathologic cardiac hypertrophy via chronic activation of protein synthesis.","Here's a simplified version of the scientific text:

Branched-chain amino acids (BCAAs) and their related compounds are found in high levels in various heart diseases. We studied how the heart processes a specific compound, α-ketoisovalerate, and found that it is converted to valine. We also found that a certain enzyme, BCKDH, is not affected by a treatment that would normally activate it. This suggests that the heart's ability to process BCAAs is limited due to low levels of a protein that helps transport them into the mitochondria, where they can be broken down.

When we exposed heart tissue to levels of BCKA found in obese rats, we found that it increased the activity of a protein that regulates protein synthesis, leading to an increase in the production of new proteins. This suggests that the elevated levels of BCKA found in obesity may contribute to the development of heart disease by stimulating the production of new proteins.","Systemic modulation of branched-chain keto acid (BCKA) metabolism alters cardiac health. Here, the authors define the major fates of BCKA in the heart and demonstrate that acute exposure to BCKA levels found in obesity activates cardiac protein synthesis and markedly alters the heart phosphoproteome.",nature communications
"To establish whether 4-nitroquinoline N-oxide-induced carcinogenesis mirrors the heterogeneity of human oral squamous cell carcinoma (OSCC), we have performed genomic analysis of mouse tongue lesions. The mutational signatures of human and mouse OSCC overlap extensively. Mutational burden is higher in moderate dysplasias and invasive SCCs than in hyperplasias and mild dysplasias, although mutations in p53, Notch1 and Fat1 occur in early lesions. Laminin-α3 mutations are associated with tumour invasiveness and Notch1 mutant tumours have an increased immune infiltrate. Computational modelling of clonal dynamics indicates that high genetic heterogeneity may be a feature of those mild dysplasias that are likely to progress to more aggressive tumours. These studies provide a foundation for exploring OSCC evolution, heterogeneity and progression.","Here is the simplified text:

To understand how a chemical called 4-nitroquinoline N-oxide can cause cancer in the tongue, we analyzed the genetic changes in mouse tongue lesions. We found that the types of genetic changes that occur in human oral cancer are similar to those that occur in mouse tongue cancer. The number of genetic changes is higher in more advanced stages of cancer than in earlier stages, but some specific genes (p53, Notch1, and Fat1) are affected early on. We also found that certain genetic changes are associated with the ability of tumors to invade surrounding tissue and with the presence of immune cells in the tumor. Our computer simulations suggest that even in early stages of cancer, there can be a lot of genetic variation, which may be a sign that some of these early lesions are more likely to become more aggressive tumors. These findings provide a basis for studying how oral cancer evolves, becomes more diverse, and progresses over time.","Modelling oral squamous cell carcinoma (OSCC) is a complex endeavour. Here, the authors provide a comprehensive analysis of an OSCC mouse model and show its mutational signatures mirror human OSCC, providing insights into OSCC clonal dynamics, the microenvironment and evolution.",nature communications
"Transition fibers (TFs) regulate cilia gating and make the primary cilium a distinct functional entity. However, molecular insights into the biogenesis of a functional cilia gate remain elusive. In a forward genetic screen in Caenorhabditis elegans, we uncover that TALP-3, a homolog of the Joubert syndrome protein TALPID3, is a TF-associated component. Genetic analysis reveals that TALP-3 coordinates with ANKR-26, the homolog of ANKRD26, to orchestrate proper cilia gating. Mechanistically, TALP-3 and ANKR-26 form a complex with key gating component DYF-19, the homolog of FBF1. Co-depletion of TALP-3 and ANKR-26 specifically impairs the recruitment of DYF-19 to TFs. Interestingly, in mammalian cells, TALPID3 and ANKRD26 also play a conserved role in coordinating the recruitment of FBF1 to TFs. We thus report a conserved protein module that specifically regulates the functional component of the ciliary gate and suggest a correlation between defective gating and ciliopathy pathogenesis.","Here's a simplified version of the text:

The transition fibers (TFs) in cells play a crucial role in controlling the movement of tiny hair-like structures called cilia. However, scientists have struggled to understand how these fibers are formed and how they work together to control cilia movement.

In a recent study, researchers used a genetic screening technique to identify a protein called TALP-3, which is involved in the formation of TFs. They found that TALP-3 works together with another protein called ANKR-26 to regulate the movement of cilia. This regulation is crucial for the proper functioning of the cilia.

The researchers also found that TALP-3 and ANKR-26 form a complex with another protein called DYF-19, which is essential for cilia movement. When TALP-3 and ANKR-26 are removed, DYF-19 is no longer recruited to the TFs, which disrupts cilia movement.

Interestingly, this same protein complex is found in mammalian cells, suggesting that the regulation of cilia movement is a conserved process across species. The researchers suggest that defects in this protein complex may contribute to the development of ciliopathies, a group of diseases characterized by abnormal cilia","Most cells possess sensory cilia, which need to be gated properly. Here the authors show that the C. elegans proteins TALP-3 and ANKR-26 coordinate cilia gating in the context of transition fibers and that this mechanism is conserved in mammalian cells and likely implicated in certain ciliopathies.",nature communications
"Rechargeable solid-state sodium-ion batteries (SSSBs) hold great promise for safer and more energy-dense energy storage. However, the poor electrochemical stability between current sulfide-based solid electrolytes and high-voltage oxide cathodes has limited their long-term cycling performance and practicality. Here, we report the discovery of the ion conductor Na3-xY1-xZrxCl6 (NYZC) that is both electrochemically stable (up to 3.8 V vs. Na/Na+) and chemically compatible with oxide cathodes. Its high ionic conductivity of 6.6 × 10−5 S cm−1 at ambient temperature, several orders of magnitude higher than oxide coatings, is attributed to abundant Na vacancies and cooperative MCl6 rotation, resulting in an extremely low interfacial impedance. A SSSB comprising a NaCrO2 + NYZC composite cathode, Na3PS4 electrolyte, and Na-Sn anode exhibits an exceptional first-cycle Coulombic efficiency of 97.1% at room temperature and can cycle over 1000 cycles with 89.3% capacity retention at 40 °C. These findings highlight the immense potential of halides for SSSB applications.","Here's a simplified version of the text:

Rechargeable batteries that use sodium instead of lithium have the potential to be safer and more efficient. However, the materials used in these batteries haven't been compatible with each other, which has limited their performance. In this research, we discovered a new material called NYZC that is stable and compatible with the materials used in the cathode (the part of the battery that releases sodium ions). This material has a high ability to conduct ions, which is important for the battery's performance. We built a battery using this material and found that it can hold a charge well and last for a long time. This breakthrough could lead to the development of more efficient and safer sodium-ion batteries.","Rechargeable solid-state sodium-ion batteries hold great promise for safer and more energy-dense energy storage. Here, the authors show a new sodium-based halide, Na3-xY1-xZrxCl6, for sodium-all-solid-state batteries with enhanced ionic conductivity and long-term cycling stability.",nature communications
"Multivalent protein-protein and protein-RNA interactions are the drivers of biological phase separation. Biomolecular condensates typically contain a dense network of multiple proteins and RNAs, and their competing molecular interactions play key roles in regulating the condensate composition and structure. Employing a ternary system comprising of a prion-like polypeptide (PLP), arginine-rich polypeptide (RRP), and RNA, we show that competition between the PLP and RNA for a single shared partner, the RRP, leads to RNA-induced demixing of PLP-RRP condensates into stable coexisting phases—homotypic PLP condensates and heterotypic RRP-RNA condensates. The morphology of these biphasic condensates (non-engulfing/ partial engulfing/ complete engulfing) is determined by the RNA-to-RRP stoichiometry and the hierarchy of intermolecular interactions, providing a glimpse of the broad range of multiphasic patterns that are accessible to these condensates. Our findings provide a minimal set of physical rules that govern the composition and spatial organization of multicomponent and multiphasic biomolecular condensates.","Here's a simplified version of the text:

Biological processes involve the formation of clusters of proteins and RNA molecules, known as biomolecular condensates. These clusters are made up of multiple molecules that interact with each other in complex ways. In this study, we used a combination of three molecules - a prion-like protein, an arginine-rich protein, and RNA - to show how competition between these molecules can lead to the formation of two distinct phases within the condensate. The shape and structure of these phases depend on the ratio of RNA to the arginine-rich protein and the strength of the interactions between the molecules. Our findings provide a set of basic rules that govern the composition and organization of these complex biological clusters.","Liquid ribonucleoprotein condensates typically involve a dense network of multiple proteins and RNAs. Here, the authors employ a minimal system composed of Prion-like polypeptides (PLP), Arg-rich polypeptides (RRP), and RNA to form biphasic condensates with diverse morphologies tunable via mixture stoichiometry and hierarchy of intermolecular interactions.",nature communications
"The increasing demand for a whiter smile has resulted in an increased popularity for tooth whitening procedures. The most classic hydrogen peroxide-based whitening agents are effective, but can lead to enamel demineralization, gingival irritation, or cytotoxicity. Furthermore, these techniques are excessively time-consuming. Here, we report a nondestructive, harmless and convenient tooth whitening strategy based on a piezo-catalysis effect realized by replacement of abrasives traditionally used in toothpaste with piezoelectric particles. Degradation of organic dyes via piezo-catalysis of BaTiO3 (BTO) nanoparticles was performed under ultrasonic vibration to simulate daily tooth brushing. Teeth stained with black tea, blueberry juice, wine or a combination thereof can be notably whitened by the poled BTO turbid liquid after vibration for 3 h. A similar treatment using unpoled or cubic BTO show negligible tooth whitening effect. Furthermore, the BTO nanoparticle-based piezo-catalysis tooth whitening procedure exhibits remarkably less damage to both enamel and biological cells.","Here's a simplified version of the text:

The desire for a brighter, whiter smile has led to an increase in tooth whitening treatments. However, traditional methods using hydrogen peroxide can cause problems like tooth decay, gum irritation, and allergic reactions. Additionally, these methods can be time-consuming.

In this study, we developed a new, non-invasive, and convenient tooth whitening method that uses tiny particles called piezoelectric particles. These particles are found in a type of mineral called barium titanate (BTO). When these particles are vibrated, they can break down stains on teeth, making them appear whiter.

We tested this method on teeth stained with black tea, blueberry juice, wine, and a combination of these substances. After vibrating the particles for 3 hours, we found that the stains were significantly reduced. In contrast, using unvibrated or differently shaped BTO particles had little to no effect.

This new method also showed less damage to teeth and biological cells compared to traditional methods.","Tooth whitening has attracted significant interest; however, most techniques are potentially destructive. Here, the authors model the replacement of standard abrasives in toothpaste with piezoelectric particles for catalytic degradation of organic stains and report less damage than hydrogen peroxide treatment.",nature communications
"The introduction of immune checkpoint inhibitors has demonstrated significant improvements in survival for subsets of cancer patients. However, they carry significant and sometimes life-threatening toxicities. Prompt prediction and monitoring of immune toxicities have the potential to maximise the benefits of immune checkpoint therapy. Herein, we develop a digital nanopillar SERS platform that achieves real-time single cytokine counting and enables dynamic tracking of immune toxicities in cancer patients receiving immune checkpoint inhibitor treatment - broader applications are anticipated in other disease indications. By analysing four prospective cytokine biomarkers that initiate inflammatory responses, the digital nanopillar SERS assay achieves both highly specific and highly sensitive cytokine detection down to attomolar level. Significantly, we report the capability of the assay to longitudinally monitor 10 melanoma patients during immune inhibitor blockade treatment. Here, we show that elevated cytokine concentrations predict for higher risk of developing severe immune toxicities in our pilot cohort of patients.","Here is the simplified text:

The use of immune checkpoint inhibitors has improved survival rates for some cancer patients, but they can also cause serious and sometimes life-threatening side effects. To minimize these side effects, it's crucial to quickly identify and monitor them. We've developed a new technology that can detect specific chemicals in the blood that indicate inflammation and predict the risk of severe side effects. This technology uses tiny pillars to detect these chemicals in real-time, allowing us to track changes in the blood of cancer patients receiving this treatment. Our initial results show that elevated levels of these chemicals are associated with a higher risk of severe side effects in patients with melanoma.","There is a clinical need to monitor immune-related toxicities of immune checkpoint blockade therapy. Here, the authors develop a digital SERS platform for multiplexed single cytokine counting to track immune-toxicities and demonstrate the ability to use pre-screening to identify patients at higher risk.",nature communications
"Natural transformation is the process by which bacteria take up genetic material from their environment and integrate it into their genome by homologous recombination. It represents one mode of horizontal gene transfer and contributes to the spread of traits like antibiotic resistance. In Vibrio cholerae, a type IVa pilus (T4aP) is thought to facilitate natural transformation by extending from the cell surface, binding to exogenous DNA, and retracting to thread this DNA through the outer membrane secretin, PilQ. Here, we use a functional tagged allele of VcPilQ purified from native V. cholerae cells to determine the cryoEM structure of the VcPilQ secretin in amphipol to ~2.7 Å. We use bioinformatics to examine the domain architecture and gene neighborhood of T4aP secretins in Proteobacteria in comparison with VcPilQ. This structure highlights differences in the architecture of the T4aP secretin from the type II and type III secretion system secretins. Based on our cryoEM structure, we design a series of mutants to reversibly regulate VcPilQ gate dynamics. These experiments support the idea of VcPilQ as a potential druggable target and provide insight into the channel that DNA likely traverses to promote the spread of antibiotic resistance via horizontal gene transfer by natural transformation.","Here's a simplified version of the text:

Bacteria can take in genetic material from their surroundings and incorporate it into their own DNA through a process called natural transformation. This helps spread traits like antibiotic resistance. In a specific type of bacteria called Vibrio cholerae, a structure called a type IVa pilus (T4aP) is thought to play a key role in this process. The T4aP extends from the cell surface, binds to foreign DNA, and then retracts to pull the DNA through the outer membrane.

We used a special technique called cryoEM to determine the structure of the T4aP secretin in V. cholerae. We also analyzed the genetic information surrounding the T4aP in different types of bacteria. Our results show that the T4aP secretin has a unique structure compared to other types of secretion systems.

Based on our findings, we designed a series of experiments to control the movement of DNA through the T4aP secretin. Our results suggest that this structure could be a potential target for developing new treatments to prevent the spread of antibiotic resistance.","In Vibrio cholerae, a type IVa pilus (T4aP) binds to exogenous DNA, and threads this DNA through the outer membrane secretin, PilQ. Here authors present the cryoEM structure of PilQ from native V. cholerae cells and design a series of mutants to reversibly regulate VcPilQ gate dynamics.",nature communications
"Realizing a long coherence time quantum memory is a major challenge of current quantum technology. Until now, the longest coherence-time of a single qubit was reported as 660 s in a single 171Yb+ ion-qubit through the technical developments of sympathetic cooling and dynamical decoupling pulses, which addressed heating-induced detection inefficiency and magnetic field fluctuations. However, it was not clear what prohibited further enhancement. Here, we identify and suppress the limiting factors, which are the remaining magnetic-field fluctuations, frequency instability and leakage of the microwave reference-oscillator. Then, we observe the coherence time of around 5500 s for the 171Yb+ ion-qubit, which is the time constant of the exponential decay fit from the measurements up to 960 s. We also systematically study the decoherence process of the quantum memory by using quantum process tomography and analyze the results by applying recently developed resource theories of quantum memory and coherence. Our experimental demonstration will accelerate practical applications of quantum memories for various quantum information processing, especially in the noisy-intermediate-scale quantum regime.","Here is the text simplified for an adult audience:

Creating a quantum memory that can hold information for a long time is a major challenge in quantum technology. So far, the longest time a single quantum bit (qubit) has been able to hold information is 660 seconds, achieved by using techniques to cool and stabilize a single ion. However, it was unclear what was limiting further improvement. In this study, we identified and eliminated the remaining obstacles, which were fluctuations in the magnetic field and instability in the reference oscillator. We then observed a coherence time of around 5500 seconds for the ion qubit, which is the time it takes for the information to decay exponentially. We also studied the process of decoherence, or the loss of quantum information, using a technique called quantum process tomography. Our results will help accelerate the development of practical quantum memories for various applications, especially in the noisy-intermediate-scale quantum regime.","Extending qubit coherence times represent one of the key challenges for quantum technologies. Here, after properly suppressing magnetic-field fluctuations, frequency instability and leakage of the microwave reference-oscillator, the authors infer coherence times of 5500 s for an Yb ion qubit.",nature communications
"Some multicellular organisms can fuse because mergers potentially provide mutual benefits. However, experimental evolution in the fungus Neurospora crassa has demonstrated that free fusion of mycelia favours cheater lineages, but the mechanism and evolutionary dynamics of this exploitation are unknown. Here we show, paradoxically, that all convergently evolved cheater lineages have similar fusion deficiencies. These mutants are unable to initiate fusion but retain access to wild-type mycelia that fuse with them. This asymmetry reduces cheater-mutant contributions to somatic substrate-bound hyphal networks, but increases representation of their nuclei in the aerial reproductive hyphae. Cheaters only benefit when relatively rare and likely impose genetic load reminiscent of germline senescence. We show that the consequences of somatic fusion can be unequally distributed among fusion partners, with the passive non-fusing partner profiting more. We discuss how our findings may relate to the extensive variation in fusion frequency of fungi found in nature.","Here's a simplified version of the text:

Some types of organisms can merge with each other, which can be beneficial for both parties. However, scientists have found that when this happens in a type of fungus called Neurospora crassa, it often favors the growth of ""cheater"" cells that don't contribute to the merger. Despite this, the reasons behind this phenomenon are still unclear.

In this study, we discovered that all types of ""cheater"" cells that have evolved to take advantage of mergers have a similar problem: they can't initiate the merger themselves, but can still connect with other cells that can merge. This means that the ""cheater"" cells get a benefit, but don't contribute to the merger in the same way as the other cells.

We also found that the benefits of a merger can be unevenly distributed between the two cells involved, with one cell potentially gaining more than the other. This could help explain why some fungi in nature have very different rates of merger.

Overall, our findings suggest that the benefits of merger can be complex and influenced by many factors.","Mycelial fusion can favour fungal strains that exploit each other, but the mechanism is not well understood. Here, Grum-Grzhimaylo et al. show that different cheater lineages share similar deficiencies in initiating fusion that nevertheless enable them to preferentially obtain the benefits of fusion initiated by wild-type mycelia.",nature communications
"NIR-II fluorophores have shown great promise for biomedical applications with superior in vivo optical properties. To date, few small-molecule NIR-II fluorophores have been discovered with donor-acceptor-donor (D-A-D) or symmetrical structures, and upconversion-mitochondria-targeted NIR-II dyes have not been reported. Herein, we report development of D-A type thiopyrylium-based NIR-II fluorophores with frequency upconversion luminescence (FUCL) at ~580 nm upon excitation at ~850 nm. H4-PEG-PT can not only quickly and effectively image mitochondria in live or fixed osteosarcoma cells with subcellular resolution at 1 nM, but also efficiently convert optical energy into heat, achieving mitochondria-targeted photothermal cancer therapy without ROS effects. H4-PEG-PT has been further evaluated in vivo and exhibited strong tumor uptake, specific NIR-II signals with high spatial and temporal resolution, and remarkable NIR-II image-guided photothermal therapy. This report presents the first D-A type thiopyrylium NIR-II theranostics for synchronous upconversion-mitochondria-targeted cell imaging, in vivo NIR-II osteosarcoma imaging and excellent photothermal efficiency.","Here's a simplified version of the text:

We've developed a new type of molecule that can be used to create tiny, light-emitting particles that can be used to image and treat cancer. These particles, called fluorophores, have the ability to convert light into heat, which can be used to kill cancer cells. We've tested these particles in the lab and found that they can effectively image and treat cancer cells, and we've also tested them in animals and found that they can be used to image and treat tumors in the body. This is the first time that a molecule of this type has been developed, and it has the potential to be used to create new treatments for cancer.","Currently available mitochondria-targeted fluorescent dyes emit only one color in the visible or NIR-I and their applications are limited. Here, the authors develop upconversion mitochondria-targeted NIR-II fluorophores for synchronous upconversion-mitochondria-targeted cell imaging, in vivo NIR-II osteosarcoma imaging and photothermal efficiency",nature communications
