source,prediction,reference,journal
"Photonic structures can be designed to tailor luminescence properties of materials, which becomes particularly interesting for non-linear phenomena, such as photon upconversion. However, there is no adequate theoretical framework to optimize photonic structure designs for upconversion enhancement. Here, we present a comprehensive theoretical model describing photonic effects on upconversion and confirm the model’s predictions by experimental realization of 1D-photonic upconverter devices with large statistics and parameter scans. The measured upconversion photoluminescence enhancement reaches 82 ± 24% of the simulated enhancement, in the mean of 2480 separate measurements, scanning the irradiance and the excitation wavelength on 40 different sample designs. Additionally, the trends expected from the modeled interaction of photonic energy density enhancement, local density of optical states and internal upconversion dynamics, are clearly validated in all experimentally performed parameter scans. Our simulation tool now opens the possibility of precisely designing photonic structure designs for various upconverting materials and applications.","Hey there, middle schoolers! Today, we're going to talk about something really cool called photonic structures. You know how sometimes we use special materials to make things glow or shine? Well, photonic structures are like special designs that can make those materials glow even brighter or in new ways.

Imagine you're playing with a flashlight and a prism. The prism can bend and focus the light in different ways, making it shine brighter or change its color. Photonic structures are like super-powerful prisms that can do the same thing with light, but on a much smaller scale.

Now, there's something called upconversion that's really important in this field. Upconversion is like a magic trick where we take a low-energy light and turn it into a higher-energy light. It's like taking a small spark and making it grow into a big flame.

The problem is, we didn't have a good way to design these photonic structures to make upconversion happen. It's like trying to build a puzzle without knowing what the pieces look like. But, a team of scientists has created a special model that helps us design these structures to make upconversion happen.

They tested their model by creating special devices that used photonic structures to make upconversion happen. And guess","A theoretical framework to optimize photonic structure designs for upconversion enhancement is lacking. Here, the authors present a comprehensive theoretical model and confirm the model’s predictions by experimental realisation of 1D-photonic upconverter devices with large statistics and parameter scans.",nature communications
"Upon tissue injury or microbial invasion, a large number of neutrophils converge from blood to the sites of injury or infection in a short time. The migration through a limited number of paths through tissues and capillary networks seems efficient and ‘traffic jams’ are generally avoided. However, the mechanisms that guide efficient trafficking of large numbers of neutrophils through capillary networks are not well understood. Here we show that pairs of neutrophils arriving closely one after another at capillary bifurcations migrate to alternating branches in vivo and in vitro. Perturbation of chemoattractant gradients and the increased hydraulic resistance induced by the first neutrophil in one branch biases the migration of the following neutrophil towards the other branch. These mechanisms guide neutrophils to efficiently navigate through capillary networks and outline the effect of inter-neutrophil interactions during migration on overall lymphocyte trafficking patterns in confined environments.","Hey there, middle schoolers! Today, we're going to talk about something really cool called neutrophils. Neutrophils are a type of white blood cell that helps our bodies fight off infections and injuries.

Imagine you're driving on a highway, and suddenly, there's a big accident that blocks one lane. All the cars have to take a detour to get around the accident. That's kind of like what happens when neutrophils need to get to a place in our body where they're needed. They have to find a way around the ""accident"" (which is really just a bunch of other cells and tissues that are in the way).

Now, you might think that it would be really hard for neutrophils to find a way around all the obstacles. But, it turns out that they have a special way of moving that helps them avoid getting stuck. It's like they have their own special ""detour"" system!

When neutrophils arrive at a place where they need to go, they look for a way to get around the obstacles. They do this by following special signals, kind of like a map, that tell them which way to go. These signals are like little arrows that point the way to the next ""detour","Neutrophils mobilize rapidly and travel through the vasculature and microcirculation en masse in response to inflammatory stimuli. Here the authors use a microfluidic device and intravital microscopy to show neutrophils move through tissues in a highly ordered pattern, taking turns to file into alternate branches at bifurcations.",nature communications
"Disrupted energy metabolism drives cell dysfunction and disease, but approaches to increase or preserve ATP are lacking. To generate a comprehensive metabolic map of genes and pathways that regulate cellular ATP—the ATPome—we conducted a genome-wide CRISPR interference/activation screen integrated with an ATP biosensor. We show that ATP level is modulated by distinct mechanisms that promote energy production or inhibit consumption. In our system HK2 is the greatest ATP consumer, indicating energy failure may not be a general deficiency in producing ATP, but rather failure to recoup the ATP cost of glycolysis and diversion of glucose metabolites to the pentose phosphate pathway. We identify systems-level reciprocal inhibition between the HIF1 pathway and mitochondria; glycolysis-promoting enzymes inhibit respiration even when there is no glycolytic ATP production, and vice versa. Consequently, suppressing alternative metabolism modes paradoxically increases energy levels under substrate restriction. This work reveals mechanisms of metabolic control, and identifies therapeutic targets to correct energy failure.","Hey there, middle schoolers! Today, we're going to talk about something really cool called ATP, which is short for Adenosine Triphosphate. ATP is like the energy currency of our cells. It's what powers all the things our cells do, like moving, growing, and repairing themselves.

Imagine your cells are like little factories, and ATP is the energy that makes them run. Just like how a car needs gasoline to move, our cells need ATP to function properly.

Now, sometimes our cells can get a little mixed up and have trouble making enough ATP. This can happen for a lot of reasons, like when we're sick or injured. When this happens, our cells can start to malfunction and even get sick.

So, scientists wanted to figure out how to help our cells make more ATP when they need it. They did a special experiment called a ""genome-wide CRISPR interference/activation screen"" (try saying that five times fast!). It's a fancy way of saying they looked at all the genes in our cells and saw how they affect ATP production.

What they found was really interesting. They discovered that there are different ways that our cells can make ATP, and some of these ways are more important than others. They also found that some of","Energy metabolism and ATP levels are controlled by an interlocking network of pathways. Here, the authors apply a genome-wide CRISPR screen to define genes that increase or decrease ATP levels to define the “ATPome”, a map of pathways that contribute to cellular ATP regulation.",nature communications
"Learned fear and safety are associated with distinct oscillatory states in the basolateral amygdala (BLA) and medial prefrontal cortex (mPFC). To determine if and how these network states support the retrieval of competing memories, we mimicked endogenous oscillatory activity through optogenetic stimulation of parvalbumin-expressing interneurons in mice during retrieval of contextual fear and extinction memories. We found that exogenously induced 4 Hz and 8 Hz oscillatory activity in the BLA exerts bi-directional control over conditioned freezing behavior in an experience- and context-specific manner, and that these oscillations have an experience-dependent ability to recruit distinct functional neuronal ensembles. At the network level we demonstrate, via simultaneous manipulation of BLA and mPFC, that experience-dependent 4 Hz resonance across BLA-mPFC circuitry supports post-extinction fear memory retrieval. Our findings reveal that post-extinction fear memory retrieval is supported by local and interregional experience-dependent resonance, and suggest novel approaches for interrogation and therapeutic manipulation of acquired fear circuitry.","Hey there, middle schoolers! Today, we're going to talk about something really cool called ""oscillations"" in our brain. You know how sometimes you can't remember something, but then suddenly it pops into your head? That's because of something called memories, and our brain is always working to help us remember and forget things.

Imagine you're playing with a friend, and you get scared because you think you see a monster. Your brain is trying to help you remember that experience, so you can avoid it next time. This is called a ""fear memory."" But, what if you later learn that there's no monster, and it was just your imagination? Your brain needs to update that memory, so you can stop being scared. This is called ""extinction"" of the fear memory.

Now, let's talk about oscillations. Oscillations are like waves in the brain. They're like little rhythms that help different parts of our brain talk to each other. In this study, scientists were trying to figure out how these oscillations help us remember and forget things.

They used special tools to make these oscillations happen in the brain, kind of like a metronome that helps us keep a steady beat. They found that these oscillations","Theta range oscillations in the basolateral amygdala (BLA) and the medial prefrontal cortex (mPFC) are associated with conditioned fear. Here, the authors use exogenous oscillatory stimulation of the BLA and mPFC in mice to determine the dynamic roles of theta-range oscillatory states across conditioned fear and extinction learning.",nature communications
"Artificial photosynthesis is a vibrant field of research aiming at converting abundant, low energy molecules such as water, nitrogen or carbon dioxide into fuels or useful chemicals by means of solar energy input. Photo-electrochemical reduction of carbon dioxide is an appealing strategy, aiming at reducing the greenhouse gas into valuable products such as carbon monoxide at low or without bias voltage. Yet, in such configuration, there is no catalytic system able to produce carbon monoxide selectively in aqueous media with high activity, and using earth-abundant molecular catalyst. Upon associating a p-type Cu(In,Ga)Se2 semi-conductor with cobalt quaterpyridine complex, we herein report a photocathode complying with the aforementioned requirements. Pure carbon dioxide dissolved in aqueous solution (pH 6.8) is converted to carbon monoxide under visible light illumination with partial current density above 3 mA cm−2 and 97% selectivity, showing good stability over time.","Wow, you guys are going to love this! So, you know how plants use sunlight to make their own food, right? Well, scientists are trying to do something similar, but instead of making food, they want to make useful things like fuels and chemicals.

Imagine taking in sunlight, water, and air, and then using that energy to turn those things into something useful, like a special kind of gas called carbon monoxide. That's basically what artificial photosynthesis is all about.

Now, there are a few challenges to making this happen. One of the biggest ones is finding a way to make the process happen without using a lot of energy or special materials. It's like trying to build a machine that can turn sunlight into a useful product, without using a lot of batteries or fancy technology.

But, a team of scientists has made a breakthrough! They've created a special material that can take in sunlight, water, and carbon dioxide, and turn it into carbon monoxide. And the best part is, it works really well and doesn't need a lot of energy or special materials.

So, how does it work? Well, the material is made up of two main parts: a special kind of semiconductor material called Cu(In,Ga)Se2, and a","Photo-electrochemical reduction of carbon dioxide is a promising strategy to derive valuable products. Here, the authors show a photocathode able to produce carbon monoxide selectively in aqueous media with high activity using earth-abundant molecular catalyst.",nature communications
"The therapeutic effect of reactive oxygen species (ROS)-involved cancer therapies is significantly limited by shortage of oxy-substrates, such as hypoxia in photodynamic therapy (PDT) and insufficient hydrogen peroxide (H2O2) in chemodynamic therapy (CDT). Here, we report a H2O2/O2 self-supplying nanoagent, (MSNs@CaO2-ICG)@LA, which consists of manganese silicate (MSN)-supported calcium peroxide (CaO2) and indocyanine green (ICG) with further surface modification of phase-change material lauric acid (LA). Under laser irradiation, ICG simultaneously generates singlet oxygen and emits heat to melt the LA. The exposed CaO2 reacts with water to produce O2 and H2O2 for hypoxia-relieved ICG-mediated PDT and H2O2-supplying MSN-based CDT, acting as an open source strategy for ROS production. Additionally, the MSNs-induced glutathione depletion protects ROS from scavenging, termed reduce expenditure. This open source and reduce expenditure strategy is effective in inhibiting tumor growth both in vitro and in vivo, and significantly improves ROS generation efficiency from multi-level for ROS-involved cancer therapies.","Wow, you guys are going to learn about something really cool today! So, you know how our bodies have cells that can get sick and turn into cancer? Well, scientists have been trying to find ways to treat cancer using something called reactive oxygen species, or ROS for short.

ROS is like a special kind of medicine that can help kill cancer cells. But, there's a problem. Sometimes, the cancer cells don't get enough of this medicine because of something called hypoxia, which means they don't have enough oxygen. It's like trying to give someone medicine, but they're not breathing properly.

So, scientists have been trying to find ways to get more of this medicine to the cancer cells. One way they do this is by using something called photodynamic therapy, or PDT for short. In PDT, they use a special light to make the medicine, called indocyanine green, work better. But, sometimes this medicine doesn't work as well as it should because it doesn't have enough oxygen.

That's where our special nanoagent comes in. It's like a tiny robot that can help get more oxygen to the cancer cells. This nanoagent is made up of three parts: manganese silicate, calcium peroxide, and indocyanine","The supply of oxygen species for dynamic therapy is a major limitation. Here, the authors report on a complex of calcium peroxide with photo/chemo dynamic agents, where NIR heating causes the release of calcium peroxide to generate oxygen and hydrogen peroxide for photodynamic and chemodynamic therapy.",nature communications
"The magnetic properties of carbon materials are at present the focus of intense research effort in physics, chemistry and materials science due to their potential applications in spintronics and quantum computing. Although the presence of spins in open-shell nanographenes has recently been confirmed, the ability to control magnetic coupling sign has remained elusive but highly desirable. Here, we demonstrate an effective approach of engineering magnetic ground states in atomically precise open-shell bipartite/nonbipartite nanographenes using combined scanning probe techniques and mean-field Hubbard model calculations. The magnetic coupling sign between two spins was controlled via breaking bipartite lattice symmetry of nanographenes. In addition, the exchange-interaction strength between two spins has been widely tuned by finely tailoring their spin density overlap, realizing a large exchange-interaction strength of 42 meV. Our demonstrated method provides ample opportunities for designer above-room-temperature magnetic phases and functionalities in graphene nanomaterials.","Hi middle school students! Today, we're going to talk about something really cool called ""magnetic materials."" You might have heard of magnets before, like the ones you use to hold notes on your fridge. But did you know that scientists are working on creating new materials that can do even more amazing things?

So, what are magnetic materials? Well, they're materials that can be affected by magnets, and they can also affect magnets. It's like a special kind of communication between the materials and the magnets.

Now, there's a type of material called ""carbon materials"" that scientists are really interested in right now. They're trying to figure out how to make these materials do new and exciting things, like helping us make super-fast computers or super-strong materials.

One of the things scientists are trying to do is create materials that can be ""magnetically controlled."" This means that they want to be able to make the material behave in a certain way by using a magnet. It's like having a special kind of remote control that can make the material do different things.

But, it's not easy to make these materials behave in the way scientists want. It's like trying to get a puzzle piece to fit in just the right spot. Scientists have been trying to figure","The ability to control magnetic coupling in graphene nanomaterials remains elusive. Here, the authors report an approach of engineering magnetic ground states in open-shell bipartite/nonbipartite nanographenes where the magnetic coupling sign between two spins are controlled via breaking bipartite lattice symmetry.",nature communications
"Myelinating oligodendrocytes enable fast propagation of action potentials along the ensheathed axons. In addition, oligodendrocytes play diverse non-canonical roles including axonal metabolic support and activity-dependent myelination. An open question remains whether myelination also contributes to information processing in addition to speeding up conduction velocity. Here, we analyze the role of myelin in auditory information processing using paradigms that are also good predictors of speech understanding in humans. We compare mice with different degrees of dysmyelination using acute multiunit recordings in the auditory cortex, in combination with behavioral readouts. We find complex alterations of neuronal responses that reflect fatigue and temporal acuity deficits. We observe partially discriminable but similar deficits in well myelinated mice in which glial cells cannot fully support axons metabolically. We suggest a model in which myelination contributes to sustained stimulus perception in temporally complex paradigms, with a role of metabolically active oligodendrocytes in cortical information processing.","Hi middle school students! Today, we're going to talk about something really cool called myelination. You know how our brains are made up of tiny little cells called neurons that help us think, learn, and remember things? Well, myelination is a process that helps these neurons talk to each other faster and more efficiently.

Imagine you're sending a message to your friend using a walkie-talkie. The message has to travel through the air, and it might get a little distorted or delayed. But what if you had a special kind of wire that could carry the message really fast and clearly? That's kind of like what myelination does for our neurons.

Myelination is like a special kind of insulation that wraps around the neurons, helping them send messages to each other really quickly. This is important because our brains are always processing lots of information, and we need our neurons to be able to talk to each other fast enough to keep up.

Now, you might be wondering what happens if this insulation isn't working properly. Well, scientists have been studying this by looking at mice that have a problem with their myelination. They found that these mice had trouble processing certain kinds of sounds, like music or speech. It's like their brains were having","Oligodendrocytes myelinate and metabolically support axons. The role of myelination in information processing beyond regulation of conduction velocity is unclear. Here, the authors show that myelination contributes to sustained stimulus perception in the auditory cortex, shaping neuronal responses.",nature communications
"Most human cancers are aneuploid, due to a chromosomal instability (CIN) phenotype. Despite being hallmarks of cancer, however, the roles of CIN and aneuploidy in tumor formation have not unequivocally emerged from animal studies and are thus still unclear. Using a conditional mouse model for diverse degrees of CIN, we find that a particular range is sufficient to drive very early onset spontaneous adenoma formation in the intestine. In mice predisposed to intestinal cancer (ApcMin/+), moderate CIN causes a remarkable increase in adenoma burden in the entire intestinal tract and especially in the distal colon, which resembles human disease. Strikingly, a higher level of CIN promotes adenoma formation in the distal colon even more than moderate CIN does, but has no effect in the small intestine. Our results thus show that CIN can be potently oncogenic, but that certain levels of CIN can have contrasting effects in distinct tissues.","Hey there, middle schoolers! Today, we're going to talk about something called cancer. You might have heard of it before, but let's break it down in a way that's easy to understand.

Cancer is when some of the cells in our body start to grow and multiply too quickly, and they don't die when they should. This can cause problems, like tumors forming and spreading to other parts of our body.

Now, scientists have been studying what causes cancer, and they've found that most human cancers are caused by something called chromosomal instability, or CIN for short. CIN is like a mistake in the instructions that our cells use to grow and divide.

Imagine your cells are like a recipe book, and the instructions are like a set of steps that tell you how to make a cake. If you have a mistake in the recipe book, like a missing or extra ingredient, you might end up with a cake that's not quite right. That's kind of like what happens when our cells have CIN - they get mixed up and start growing and dividing in the wrong way.

But here's the thing: scientists have been trying to figure out how CIN causes cancer, and they've been using mice to study it. They've found that","Aneuploidy caused by chromosomal instability is frequently observed in cancer, but little is known about its contribution to tumor development. Here, the authors show that in the mouse intestine, the consequences of aneuploidy are exquisitely dependent on both its extent and anatomical location.",nature communications
"The spread of Coronavirus disease 19 (COVID-19) has led to many healthcare systems being overwhelmed by the rapid emergence of new cases. Here, we study the ramifications of hospital load due to COVID-19 morbidity on in-hospital mortality of patients with COVID-19 by analyzing records of all 22,636 COVID-19 patients hospitalized in Israel from mid-July 2020 to mid-January 2021. We show that even under moderately heavy patient load (>500 countrywide hospitalized severely-ill patients; the Israeli Ministry of Health defined 800 severely-ill patients as the maximum capacity allowing adequate treatment), in-hospital mortality rate of patients with COVID-19 significantly increased compared to periods of lower patient load (250–500 severely-ill patients): 14-day mortality rates were 22.1% (Standard Error 3.1%) higher (mid-September to mid-October) and 27.2% (Standard Error 3.3%) higher (mid-December to mid-January). We further show this higher mortality rate cannot be attributed to changes in the patient population during periods of heavier load.","Hey there, middle schoolers! Today, we're going to talk about something important: how the spread of COVID-19 affects hospitals and the people who get sick with it.

You might know that COVID-19 is a disease that can make people very sick. When a lot of people get sick with COVID-19, it can be hard for hospitals to take care of them all. This is called an ""overload"" or ""heavy patient load.""

Imagine you're at a hospital, and there are a lot of people who need help. The hospital might not have enough beds, doctors, or nurses to take care of everyone. This can make it harder for the people who are already sick to get the care they need.

A group of scientists in Israel looked at the records of all the people who got sick with COVID-19 and went to the hospital. They wanted to see if the number of people in the hospital affected how well they did.

What they found was that when there were a lot of people in the hospital (more than 500), the people who got sick with COVID-19 were more likely to die. In fact, the death rate was 22% higher during those times. That's like saying that if 100 people got sick,","COVID-19 has caused many healthcare systems to become overwhelmed, potentially impacting patient care. Here, the authors show that COVID-19-related in-hospital mortality rates in Israel increased in periods of moderate or high hospital load, independent of patient characteristics.",nature communications
"How climate and ecology affect key cultural transformations remains debated in the context of long-term socio-cultural development because of spatially and temporally disjunct climate and archaeological records. The introduction of agriculture triggered a major population increase across Europe. However, in Southern Scandinavia it was preceded by ~500 years of sustained population growth. Here we show that this growth was driven by long-term enhanced marine production conditioned by the Holocene Thermal Maximum, a time of elevated temperature, sea level and salinity across coastal waters. We identify two periods of increased marine production across trophic levels (P1 7600–7100 and P2 6400–5900 cal. yr BP) that coincide with markedly increased mollusc collection and accumulation of shell middens, indicating greater marine resource availability. Between ~7600–5900 BP, intense exploitation of a warmer, more productive marine environment by Mesolithic hunter-gatherers drove cultural development, including maritime technological innovation, and from ca. 6400–5900 BP, underpinned a ~four-fold human population growth.","Hi middle school students! Today, we're going to talk about how climate and ecology (the study of living things and their environments) can affect human societies and cultures.

You know how sometimes we have really hot summers or really cold winters? Well, a long time ago, the Earth's climate was different too. It was warmer and more humid, and this was called the Holocene Thermal Maximum.

During this time, the oceans were warmer and more productive, which means there were more fish and other sea creatures living in them. This was great for the people who lived near the coast, because they could catch more fish and other seafood to eat.

In fact, the people who lived in Southern Scandinavia (that's a region in Northern Europe) were able to grow their population (that means the number of people living there) really quickly. This was because they had access to a lot of food from the sea, and they were able to use this food to sustain themselves.

But what's really interesting is that this change in the climate and the ocean's productivity also led to changes in the way people lived. They developed new technologies, like better ways to catch fish and build boats, and they were able to build bigger communities.

In fact, the population of Southern Scandinavia","How the development of human societies is influenced through their ecological environment and climatic conditions has been the subject of intensive debate. Here, the authors present multi-proxy data from southern Scandinavia which suggests that pre-agricultural population growth there was likely influenced by enhanced marine production.",nature communications
"Despite the immense importance of enzyme–substrate reactions, there is a lack of general and unbiased tools for identifying and prioritizing substrate proteins that are modified by the enzyme on the structural level. Here we describe a high-throughput unbiased proteomics method called System-wide Identification and prioritization of Enzyme Substrates by Thermal Analysis (SIESTA). The approach assumes that the enzymatic post-translational modification of substrate proteins is likely to change their thermal stability. In our proof-of-concept studies, SIESTA successfully identifies several known and novel substrate candidates for selenoprotein thioredoxin reductase 1, protein kinase B (AKT1) and poly-(ADP-ribose) polymerase-10 systems. Wider application of SIESTA can enhance our understanding of the role of enzymes in homeostasis and disease, opening opportunities to investigate the effect of post-translational modifications on signal transduction and facilitate drug discovery.","Hey there, middle schoolers! Today, we're going to talk about something really cool called enzymes. Enzymes are like superheroes that help our bodies work properly. They do this by changing the shape of other proteins, which are like building blocks of our bodies.

Imagine you have a puzzle, and you need to fit the pieces together to make a picture. Enzymes are like special tools that help you fit the pieces together. They take a protein and change its shape, so it can do its job properly.

But, scientists want to know more about how enzymes work. They want to know which proteins they change, and how they change them. That's where our new tool, called SIESTA, comes in.

SIESTA is like a superpowerful microscope that helps us see which proteins enzymes change. It works by looking at how proteins behave when they're heated up. When an enzyme changes a protein, it can make the protein more or less stable, like a puzzle piece that's harder or easier to fit together.

We tested SIESTA on three different enzymes, and it worked really well! It helped us find new proteins that these enzymes change, and it even helped us understand how these changes affect our bodies.

So, what does this mean","The global identification of enzyme substrates is still challenging. Here, the authors develop a method based on proteome-wide thermal shift assays to discover enzyme substrates directly from cell lysates, identifying known and novel oxidoreductase, kinase and poly-(ADP-ribose) polymerase substrates.",nature communications
"Tuning the thermodynamic state of a material has a tremendous impact on its performance. In the case of polymers placed in proximity of a solid wall, this is possible by annealing above the glass transition temperature, Tg, which induces the formation of an adsorbed layer. Whether heating to higher temperatures would result in desorption, thereby reverting the thermodynamic state of the interface, has so far remained elusive, due to the interference of degradation. Here, we employ fast scanning calorimetry, allowing to investigate the thermodynamics of the interface while heating at 104 K s−1. We show that applying such rate to adsorbed polymer layers permits avoiding degradation and, therefore, we provide clear-cut evidence of desorption of a polymer melt. We found that the enthalpy and temperature of desorption are independent of the annealing temperature, which, in analogy to crystallization/melting, indicates that adsorption/desorption is a first order thermodynamic transition.","Hey there, middle school students! Today, we're going to talk about something really cool called thermodynamics. Thermodynamics is the study of how heat and temperature affect the behavior of materials.

Imagine you have a piece of plastic, like a toy car. The plastic is made up of tiny molecules that are stuck together in a special way. When you heat the plastic, the molecules start to move around and get excited. This is called the ""glass transition temperature"" or Tg.

Now, imagine you place the plastic near a solid wall, like a table. The molecules in the plastic start to stick to the wall, forming a special layer called an ""adsorbed layer"". This is like a sticky note that attaches itself to the wall.

But what happens when you heat the plastic even more? Do the molecules stay stuck to the wall, or do they come loose and move away? This is what scientists have been trying to figure out for a long time.

The problem is that when you heat the plastic, it can start to break down or ""degrade"". This means that the molecules start to fall apart and lose their special properties. This makes it hard to study what happens when the molecules come loose from the wall.

So, scientists came up with a clever idea","Although adsorption of polymer chains at solid walls is well understood, their desorption has defied scrutiny so far. Cangialosi et al. use fast scanning calorimetry to rationalize the process before the high temperatures required for loosening the chains can break them apart.",nature communications
"Structured light, with spatially varying phase or polarization distributions, has given rise to many novel applications in fields ranging from optical communication to laser-based material processing. However the efficient and flexible generation of such beams from a compact laser source at practical output powers still remains a great challenge. Here we describe an approach capable of addressing this need based on the coherent combination of multiple tailored Gaussian beams emitted from a multicore fibre (MCF) amplifier. We report a proof-of-concept structured light generation experiment, using a cladding-pumped 7-core MCF amplifier as an integrated parallel amplifier array and a spatial light modulator (SLM) to actively control the amplitude, polarization and phase of the signal light input to each fibre core. We report the successful generation of various structured light beams including high-order linearly polarized spatial fibre modes, cylindrical vector (CV) beams and helical phase front optical vortex (OV) beams.","Hello, middle school students! Today, we're going to talk about something really cool called ""structured light"". You might have heard of light before, but structured light is a special kind of light that has a special pattern or shape.

Imagine you're shining a flashlight on a wall. The light is just a plain beam, right? But what if you could make the light take on a specific shape, like a spiral or a grid? That's what structured light is all about!

To make structured light, we need a special kind of laser called a ""multicore fibre amplifier"". It's like a super-powerful flashlight that can make lots of different patterns. We also need a special device called a ""spatial light modulator"" (or SLM for short) that helps us control the light.

In our experiment, we used the multicore fibre amplifier to make different patterns of light. We were able to create things like spiral-shaped light, grid-shaped light, and even light that's polarized in a special way. It's like having a magic flashlight that can make all sorts of cool shapes and patterns!

But why is this important? Well, structured light has lots of practical uses. For example, it could help us make faster and more efficient communication systems","Structured light is a valuable addition to many optical applications. Here, the authors introduce a method for producing tailorable structured light beams at the output of a multicore fiber amplifier by controlling the input to each fiber core.",nature communications
"Photolysis has enabled the occurrence of numerous discoveries in chemistry, drug discovery and biology. However, there is a dearth of efficient long wavelength light mediated photolysis. Here, we report general and efficient long wavelength single photon method for a wide array of photolytic molecules via triplet-triplet annihilation photolysis. This method is versatile and “LEGO”-like. The light partners (the photosensitizers and the photolytic molecules) can be energetically matched to adapt to an extensive range of electromagnetic spectrum wavelengths and the diversified chemical structures of photoremovable protecting groups, photolabile linkages, as well as a broad array of targeted molecules. Compared to the existing photolysis methods, our strategy of triplet-triplet annihilation photolysis not only exhibits superior reaction yields, but also resolves the photodamage problem, regardless of whether they are single photon or multiple photon associated. Furthermore, the biological promise of this “LEGO” system was illustrated via developing ambient air-stable nanoparticles capable of triplet-triplet annihilation photolysis.","Hello, middle school students! Today, we're going to talk about something called photolysis. Photolysis is a process where light helps break down molecules into smaller pieces. This is important in many areas, like chemistry, medicine, and biology.

Imagine you have a big puzzle, and you need to break it down into smaller pieces to solve it. That's kind of like what photolysis does. It helps scientists break down molecules into smaller pieces, which can then be used to create new things or understand how things work.

Now, there are different ways to do photolysis, and scientists have been trying to find a better way to do it. They've been looking for a way to use light that's not too strong, but still gets the job done. It's like trying to find the right puzzle piece to fit into the puzzle.

The scientists we're talking about today have found a new way to do photolysis using something called triplet-triplet annihilation photolysis. This method is special because it can use light that's not too strong, and it can break down a wide range of molecules. It's like having a special tool that can fit into many different puzzle pieces.

This new method is also important because it can help solve","The use of short wavelength light in photolysis applications in chemistry and biology is limited by photolytic reaction yields, photodamage and photobleaching. Here, the authors report a general long wavelength single photon driven photolysis method using a triplet-triplet annihilation process.",nature communications
"Sexual reproduction is almost ubiquitous among extant eukaryotes. As most asexual lineages are short-lived, abandoning sex is commonly regarded as an evolutionary dead end. Still, putative anciently asexual lineages challenge this view. One of the most striking examples are bdelloid rotifers, microscopic freshwater invertebrates believed to have completely abandoned sexual reproduction tens of Myr ago. Here, we compare whole genomes of 11 wild-caught individuals of the bdelloid rotifer Adineta vaga and present evidence that some patterns in its genetic variation are incompatible with strict clonality and lack of genetic exchange. These patterns include genotype proportions close to Hardy-Weinberg expectations within loci, lack of linkage disequilibrium between distant loci, incongruent haplotype phylogenies across the genome, and evidence for hybridization between divergent lineages. Analysis of triallelic sites independently corroborates these findings. Our results provide evidence for interindividual genetic exchange and recombination in A. vaga, a species previously thought to be anciently asexual.","Hey there, middle schoolers! Today, we're going to talk about something called sexual reproduction. You might have learned about it before, but let's dive a little deeper.

Sexual reproduction is when two parents combine their genetic material to create a new, unique individual. This is how most living things, like humans, animals, and plants, make babies. It's like a special recipe where you mix and match different ingredients to create something new and exciting!

Now, you might be wondering, ""Why do we need sex?"" Well, sex helps to mix and match different traits, like eye color or height, to create a new combination that might be better suited to survive and thrive in its environment. It's like a game of genetic roulette, where the winners are the ones who get to pass on their traits to their offspring!

But, what about creatures that don't have sex? Like, what if they just make copies of themselves without mixing their genes? This is called asexual reproduction. And, believe it or not, some creatures do this! Like, some tiny animals called bdelloid rotifers. They're so small you need a microscope to see them, and they live in freshwater.

Now, scientists thought that bdelloid rotifers had been making","Ancient, asexual lineages are rare as a lack of recombination is usually an evolutionary dead end. Here, authors compare complete genomes of 11 individual bdelloid rotifers that suggest evidence of regular genetic exchange between individuals in a species that was previously thought to be asexual.",nature communications
"Volcanoes with multiple summit vents present a methodological challenge for determining vent-specific gas emissions. Here, using a novel approach combining multiple ultraviolet cameras with synchronous aerial measurements, we calculate vent-specific gas compositions and fluxes for Stromboli volcano. Emissions from vent areas are spatially heterogeneous in composition and emission rate, with the central vent area dominating passive emissions, despite exhibiting the least explosive behaviour. Vents exhibiting Strombolian explosions emit low to negligible passive fluxes and are CO2-dominated, even during passive degassing. We propose a model for the conduit system based on contrasting rheological properties between vent areas. Our methodology has advantages for resolving contrasting outgassing dynamics given that measured bulk plume compositions are often intermediate between those of the distinct vent areas. We therefore emphasise the need for a vent-specific approach at multi-vent volcanoes and suggest that our approach could provide a transformative advance in volcano monitoring applications.","Hi middle school students! Today, we're going to talk about volcanoes and how scientists study them. You know how volcanoes can erupt and spew out gases and ash into the air? Well, scientists want to know what's coming out of each vent, or opening, on a volcano. It's like trying to figure out what's in a big box by looking at the box itself, without opening it.

Imagine you're standing in front of a volcano with multiple vents, like a big mountain with many mouths. Each vent is like a different box, and each box might have different things inside. The problem is, when you look at the volcano from far away, you can't see what's inside each box. You can only see the big box, which is the volcano itself.

Scientists have been trying to figure out what's inside each box by using special cameras and instruments. But it's hard because the gases and ash coming out of each vent are mixed together, like a big soup. It's hard to tell what's from which vent.

So, a team of scientists came up with a new way to study volcanoes. They used multiple cameras that can take pictures of the volcano from different angles, and they also used special instruments that can measure the gases","Combining multiple ultraviolet cameras with synchronous aerial measurements, the authors here present vent-specific gas compositions and fluxes for Stromboli volcano. The results show that gas compositions vary between different vents, mirroring differences in eruptive behavior.",nature communications
"Host cell proteins (HCPs) are process-related impurities generated during biotherapeutic protein production. HCPs can be problematic if they pose a significant metabolic demand, degrade product quality, or contaminate the final product. Here, we present an effort to create a “clean” Chinese hamster ovary (CHO) cell by disrupting multiple genes to eliminate HCPs. Using a model of CHO cell protein secretion, we predict that the elimination of unnecessary HCPs could have a non-negligible impact on protein production. We analyze the HCP content of 6-protein, 11-protein, and 14-protein knockout clones. These cell lines exhibit a substantial reduction in total HCP content (40%-70%). We also observe higher productivity and improved growth characteristics in specific clones. The reduced HCP content facilitates purification of a monoclonal antibody. Thus, substantial improvements can be made in protein titer and purity through large-scale HCP deletion, providing an avenue to increased quality and affordability of high-value biopharmaceuticals.","Hey there, middle schoolers! Today, we're going to talk about something called ""host cell proteins"" or HCPs. These are like tiny helpers that are produced by cells when they're making a special kind of medicine called a biotherapeutic protein.

Imagine you're baking a cake, and you need to mix together different ingredients like flour, sugar, and eggs. The flour, sugar, and eggs are like the main ingredients, and they're what make the cake taste good. But, when you're mixing them together, you might also get some extra stuff in there, like tiny crumbs or bits of eggshell. That's kind of like what HCPs are - they're extra stuff that gets mixed in with the main ingredients when cells are making these special medicines.

The problem is that HCPs can be a bit of a nuisance. They can make the medicine less effective, or even contaminate it, which means that it's not safe to use. So, scientists are trying to find ways to get rid of these HCPs and make the medicine-making process cleaner and more efficient.

One way to do this is to use a special kind of cell called a CHO cell. CHO cells are like super-efficient bakers that can make lots of","Host cell proteins can contaminate biotherapeutics and compromise and degrade their quality. Here the authors use modelling and CRISPR to delete secreted host proteins in CHO cells, leading to improved monoclonal antibody production and purity.",nature communications
"Paper is the ideal substrate for the development of flexible and environmentally sustainable ubiquitous electronic systems, which, combined with two-dimensional materials, could be exploited in many Internet-of-Things applications, ranging from wearable electronics to smart packaging. Here we report high-performance MoS2 field-effect transistors on paper fabricated with a “channel array” approach, combining the advantages of two large-area techniques: chemical vapor deposition and inkjet-printing. The first allows the pre-deposition of a pattern of MoS2; the second, the printing of dielectric layers, contacts, and connections to complete transistors and circuits fabrication. Average ION/IOFF of 8 × 103 (up to 5 × 104) and mobility of 5.5 cm2 V−1 s−1 (up to 26 cm2 V−1 s−1) are obtained. Fully functional integrated circuits of digital and analog building blocks, such as logic gates and current mirrors, are demonstrated, highlighting the potential of this approach for ubiquitous electronics on paper.","Wow, that's a mouthful! Let me break it down for you in a way that's easy to understand.

So, you know how we use paper for writing and drawing? Well, scientists have been experimenting with using paper as a material for making electronic devices, like tiny computers and sensors. This is called ""ubiquitous electronics"" because it means we can have these devices almost anywhere, not just on our phones or laptops.

The problem is that paper isn't very good at conducting electricity, which is what we need for these devices to work. But, what if we could find a way to make paper work better for electronics? That's what this research is all about.

The scientists used a special material called MoS2, which is like a super-thin layer of tiny particles. They put this layer on paper using a technique called ""chemical vapor deposition."" This is like painting a thin layer of special paint on the paper.

Next, they used another technique called ""inkjet-printing"" to add more layers to the paper. This is like using a special printer to add tiny details, like tiny wires and connections.

The result is a special kind of transistor, which is like a tiny switch that helps electronic devices work. The scientists were able to make","Paper is a promising substrate for flexible and environmentally sustainable electronic devices. Here, the authors combine chemical vapor deposition of MoS2 with inkjet printing of a hexagonal boron nitride (hBN) dielectric and silver electrodes, to fabricate flexible MoS2 field-effect transistors on paper, and then combine the latter with printed graphene resistors and silver interconnects to create inverters, logic gates and current mirrors.",nature communications
"Sex determination mechanisms often differ even between related species yet the evolution of sex chromosomes remains poorly understood in all but a few model organisms. Some nematodes such as Caenorhabditis elegans have an XO sex determination system while others, such as the filarial parasite Brugia malayi, have an XY mechanism. We present a complete B. malayi genome assembly and define Nigon elements shared with C. elegans, which we then map to the genomes of other filarial species and more distantly related nematodes. We find a remarkable plasticity in sex chromosome evolution with several distinct cases of neo-X and neo-Y formation, X-added regions, and conversion of autosomes to sex chromosomes from which we propose a model of chromosome evolution across different nematode clades. The phylum Nematoda offers a new and innovative system for gaining a deeper understanding of sex chromosome evolution.","Hey there, middle school students! Today, we're going to talk about something really cool - how animals determine their sex.

You might know that humans have XX chromosomes for females and XY chromosomes for males. But did you know that not all animals have the same way of determining their sex? In fact, even closely related species can have different ways of doing it!

Let's talk about a type of worm called nematodes. These worms have a special way of determining their sex, and it's different from what we see in humans. Some nematodes, like the worm Caenorhabditis elegans, have an XO system, while others, like the worm Brugia malayi, have an XY system.

Now, scientists have been studying the DNA of these worms to learn more about how they determine their sex. They found that even though these worms are related, their sex chromosomes are different. In fact, they found that some worms have new sex chromosomes that didn't exist before!

This is really interesting because it shows that sex chromosomes can change over time. It's like a puzzle, and scientists are trying to figure out how the pieces fit together.

So, what does this mean? It means that sex determination is not a fixed thing, and it can","Many nematode worms, including Caenorhabditis elegans have XX/XO sex determination, while other species have XY. The authors use a new genome assembly of the filarial parasite Brugia malayi and published data to show that nematode sex chromosome evolution is highly plastic.",nature communications
"Recently, deep learning has unlocked unprecedented success in various domains, especially using images, text, and speech. However, deep learning is only beneficial if the data have nonlinear relationships and if they are exploitable at available sample sizes. We systematically profiled the performance of deep, kernel, and linear models as a function of sample size on UKBiobank brain images against established machine learning references. On MNIST and Zalando Fashion, prediction accuracy consistently improves when escalating from linear models to shallow-nonlinear models, and further improves with deep-nonlinear models. In contrast, using structural or functional brain scans, simple linear models perform on par with more complex, highly parameterized models in age/sex prediction across increasing sample sizes. In sum, linear models keep improving as the sample size approaches ~10,000 subjects. Yet, nonlinearities for predicting common phenotypes from typical brain scans remain largely inaccessible to the examined kernel and deep learning methods.","Hey there, middle schoolers! Today, we're going to talk about something called ""deep learning"" and how it's used to analyze data.

You know how we use computers to do all sorts of things, like recognize pictures and understand what we're saying? Well, deep learning is a way that computers can learn from data, like images and text, to get better at doing those things.

But, just like how you need to practice a new skill to get good at it, deep learning needs a lot of data to work well. And, just like how some skills are easier to learn than others, some types of data are easier for deep learning to work with than others.

Imagine you're trying to recognize a picture of a cat. A simple computer program might look at the picture and say, ""Oh, that's a cat!"" But a deep learning program can look at lots of pictures of cats and learn what makes them look like cats. It's like the program is saying, ""Ah, I see! Cats have pointy ears and whiskers!""

But, what if we're trying to analyze brain scans? Those are really complicated and hard to understand. Even deep learning programs can struggle to make sense of them. It's like trying to read a book",Schulz et al. systematically benchmark performance scaling with increasingly sophisticated prediction algorithms and with increasing sample size in reference machine-learning and biomedical datasets. Complicated nonlinear intervariable relationships remain largely inaccessible for predicting key phenotypes from typical brain scans.,nature communications
"Precisely controlled deuterium labeling at specific sites of N-alkyl drugs is crucial in drug-development as over 50% of the top-selling drugs contain N-alkyl groups, in which it is very challenging to selectively replace protons with deuterium atoms. With the goal of achieving controllable isotope-labeling in N-alkylated amines, we herein rationally design photocatalytic water-splitting to furnish [H] or [D] and isotope alkanol-oxidation by photoexcited electron-hole pairs on a polymeric semiconductor. The controlled installation of N-CH3, -CDH2, -CD2H, -CD3, and -13CH3 groups into pharmaceutical amines thus has been demonstrated by tuning isotopic water and methanol. More than 50 examples with a wide range of functionalities are presented, demonstrating the universal applicability and mildness of this strategy. Gram-scale production has been realized, paving the way for the practical photosynthesis of pharmaceuticals.","Hi middle school students! Today, we're going to talk about something really cool called ""deuterium labeling"" in medicine.

You know how we use medicine to make us feel better when we're sick? Well, scientists are always trying to make new medicines that are even better and more effective. One way they do this is by adding special atoms to the medicine, called ""deuterium"" atoms.

Deuterium is a special kind of hydrogen atom that is heavier than the regular hydrogen atom. By adding deuterium atoms to a medicine, scientists can make it work better or make it last longer in our bodies.

The problem is that it's really hard to add deuterium atoms to medicines in a controlled way. It's like trying to put a specific Lego piece in a very specific place on a Lego tower. You need to be very precise and careful so that you don't mess up the whole tower.

That's where our scientists come in. They've developed a special way to add deuterium atoms to medicines using a process called ""photocatalytic water-splitting."" It's like using a special kind of Lego tool that helps you put the right Lego piece in the right place.

This process uses a special material called a ""polymeric semiconductor","Controllable deuteration of N-alkyl amines is crucial in drug-development as they constitute over 50% of the top-selling drugs. Here, the authors report a polymeric semiconductor acting as photocatalyst in water-splitting and in isotope alkanol-oxidation by photoexcited electron-hole pairs, and furnishing deuterated amines.",nature communications
"Insufficient eradication capacity and dysfunction are common occurrences in T cells that characterize cancer immunotherapy failure. De novo DNA methylation promotes T cell exhaustion, whereas methylation inhibition enhances T cell rejuvenation in vivo. Decitabine, a DNA methyltransferase inhibitor approved for clinical use, may provide a means of modifying exhaustion-associated DNA methylation programmes. Herein, anti-tumour activities, cytokine production, and proliferation are enhanced in decitabine-treated chimeric antigen receptor T (dCAR T) cells both in vitro and in vivo. Additionally, dCAR T cells can eradicate bulky tumours at a low-dose and establish effective recall responses upon tumour rechallenge. Antigen-expressing tumour cells trigger higher expression levels of memory-, proliferation- and cytokine production-associated genes in dCAR T cells. Tumour-infiltrating dCAR T cells retain a relatively high expression of memory-related genes and low expression of exhaustion-related genes in vivo. In vitro administration of decitabine may represent an option for the generation of CAR T cells with improved anti-tumour properties.","Hi middle school students! Today, we're going to talk about something called cancer immunotherapy. Immunotherapy is a way to help our bodies fight cancer using our own immune system.

You know how our immune system is like a superhero that protects us from bad guys like germs and viruses? Well, in cancer, our immune system isn't strong enough to fight the bad guys, which are the cancer cells.

T cells are a type of superhero that helps our immune system fight cancer. But sometimes, these T cells can get tired and stop working properly. This is called T cell exhaustion. It's like when you're playing a game and you get so tired that you can't play anymore.

Scientists have found that there's a way to make these T cells work better again. It's called decitabine, and it's like a special vitamin that helps our T cells stay strong and fight cancer better.

When we use decitabine, our T cells can do things like:

* Kill cancer cells more effectively
* Make more of the good stuff that helps us fight cancer (like cytokines)
* Grow and multiply so they can fight cancer better

We can even use decitabine to make special T cells called CAR T cells. These cells are like","De novo DNA methylation has been associated with T cell exhaustion in cancer immunotherapy. Here the authors show that the pre-treatment of CD19 CAR-T cells with the DNA methyltransferase inhibitor decitabine limits exhaustion and confers enhanced proliferative, effector and memory properties upon antigen exposure, with improved tumor control.",nature communications
"Prompt identification of acute coronary syndrome is a challenge in clinical practice. The 12-lead electrocardiogram (ECG) is readily available during initial patient evaluation, but current rule-based interpretation approaches lack sufficient accuracy. Here we report machine learning-based methods for the prediction of underlying acute myocardial ischemia in patients with chest pain. Using 554 temporal-spatial features of the 12-lead ECG, we train and test multiple classifiers on two independent prospective patient cohorts (n = 1244). While maintaining higher negative predictive value, our final fusion model achieves 52% gain in sensitivity compared to commercial interpretation software and 37% gain in sensitivity compared to experienced clinicians. Such an ultra-early, ECG-based clinical decision support tool, when combined with the judgment of trained emergency personnel, would help to improve clinical outcomes and reduce unnecessary costs in patients with chest pain.","Hi everyone! Today, we're going to talk about something important called acute coronary syndrome. It's a medical condition that happens when the blood flow to the heart is blocked, which can be very serious.

When someone comes to the hospital with chest pain, doctors need to figure out if it's related to this condition. One way they do this is by looking at a special test called an electrocardiogram, or ECG. It's like a picture of the heart's electrical activity.

The problem is that doctors have to look at this picture and make a decision based on what they see. But, it's not always easy to tell if someone has acute coronary syndrome just by looking at the ECG. That's why scientists are working on new ways to help doctors make better decisions.

One way they're doing this is by using something called machine learning. It's like a super-smart computer program that can look at lots of ECG pictures and learn what to look for to help doctors make a diagnosis.

In this study, the scientists used a special program to look at 554 different features of the ECG. They then used this program to test its ability to predict whether someone has acute coronary syndrome or not.

The good news is that the program was able to","Diagnosing a heart attack requires excessive testing and prolonged observation, which frequently requires hospital admission. Here the authors report a machine learning-based system based exclusively on ECG data that can help clinicians identify 37% more heart attacks during initial screening.",nature communications
"Poor tissue penetration remains a major challenge for antibody-based therapeutics of solid tumors, but proper dosing can improve the tissue penetration and thus therapeutic efficacy of these biologics. Due to dose-limiting toxicity of the small molecule payload, antibody-drug conjugates (ADCs) are administered at a much lower dose than their parent antibodies, which further reduces tissue penetration. We conducted an early-phase clinical trial (NCT02415881) and previously reported the safety of an antibody-dye conjugate (panitumumab-IRDye800CW) as primary outcome. Here, we report a retrospective exploratory analysis of the trial to evaluate whether co-administration of an unconjugated antibody could improve the intratumoral distribution of the antibody-dye conjugate in patients. By measuring the multiscale distribution of the antibody-dye conjugate, this study demonstrates improved microscopic antibody distribution without increasing uptake (toxicity) in healthy tissue when co-administered with the parent antibody, supporting further clinical investigation of the co-administration dosing strategy to improve the tumor penetration of ADCs.","Hi middle school students! Today, we're going to talk about something called ""antibody-based therapeutics"" which is a fancy way of saying medicine that uses special proteins called antibodies to help our bodies fight diseases.

Imagine you have a big, strong friend who can help you fight off a bad guy. That's kind of like what antibodies do. They're like superheroes that can find and attack the bad guys (like cancer cells) in our bodies.

But sometimes, these antibodies have trouble getting to the bad guys because they can't penetrate deep into the tumor (the bad guy's hideout). It's like trying to get to a treasure chest that's locked away in a dark cave. The antibodies need a way to get inside the cave and find the treasure (the bad guys).

That's where something called ""antibody-drug conjugates"" (ADCs) come in. ADCs are like special delivery trucks that carry the antibodies and a special medicine (the payload) to the bad guys. But sometimes, the medicine can be too strong and cause problems in healthy parts of the body.

To solve this problem, scientists have been experimenting with a new way of giving the medicine. They're trying to see if giving the medicine along with the parent antibody (","Antibody-drug conjugates targeting high expression receptors can suffer from poor tumour penetration. Here, the authors use unconjugated antibody to improve the penetration of an antibody-dye conjugate in a clinical study, supporting further clinical investigation of the co-administration strategy.",nature communications
"Iron phthalocyanine (FePc) is a promising non-precious catalyst for the oxygen reduction reaction (ORR). Unfortunately, FePc with plane-symmetric FeN4 site usually exhibits an unsatisfactory ORR activity due to its poor O2 adsorption and activation. Here, we report an axial Fe–O coordination induced electronic localization strategy to improve its O2 adsorption, activation and thus the ORR performance. Theoretical calculations indicate that the Fe–O coordination evokes the electronic localization among the axial direction of O–FeN4 sites to enhance O2 adsorption and activation. To realize this speculation, FePc is coordinated with an oxidized carbon. Synchrotron X-ray absorption and Mössbauer spectra validate Fe–O coordination between FePc and carbon. The obtained catalyst exhibits fast kinetics for O2 adsorption and activation with an ultralow Tafel slope of 27.5 mV dec−1 and a remarkable half-wave potential of 0.90 V. This work offers a new strategy to regulate catalytic sites for better performance.","Hi middle school students! Today, we're going to talk about something called iron phthalocyanine, or FePc for short. It's a special kind of material that can help us make a reaction happen, but it needs a little help to do its job really well.

You see, FePc is like a superhero that can help us make oxygen (O2) react with something else. But, it's not very good at it because it has a hard time grabbing onto the oxygen molecules. It's like trying to pick up a slippery fish!

To make FePc better at its job, scientists came up with a clever idea. They added a special kind of carbon to FePc, which helped the iron atoms (Fe) in FePc grab onto the oxygen molecules more easily. It's like adding a special kind of glue to help the fish stick to the superhero's hand!

To see if this worked, scientists used special machines to study the FePc with the added carbon. They found that it did indeed help the FePc grab onto oxygen molecules more easily, and it was able to make the reaction happen faster and better.

This is important because it could help us make new kinds of batteries and fuel cells that are more","Iron phthalocyanine with a 2D structure and symmetric electron distribution around Fe-N4 active sites is not optimal for O2 adsorption and activation. Here, the authors report an axial Fe–O coordination induced electronic localization strategy to enhance oxygen reduction reaction performance.",nature communications
"Using Hi-C, promoter-capture Hi-C (pCHi-C), and other genome-wide approaches in skeletal muscle progenitors that inducibly express a master transcription factor, Pax7, we systematically characterize at high-resolution the spatio-temporal re-organization of compartments and promoter-anchored interactions as a consequence of myogenic commitment and differentiation. We identify key promoter-enhancer interaction motifs, namely, cliques and networks, and interactions that are dependent on Pax7 binding. Remarkably, Pax7 binds to a majority of super-enhancers, and together with a cadre of interacting transcription factors, assembles feed-forward regulatory loops. During differentiation, epigenetic memory and persistent looping are maintained at a subset of Pax7 enhancers in the absence of Pax7. We also identify and functionally validate a previously uncharacterized Pax7-bound enhancer hub that regulates the essential myosin heavy chain cluster during skeletal muscle cell differentiation. Our studies lay the groundwork for understanding the role of Pax7 in orchestrating changes in the three-dimensional chromatin conformation in muscle progenitors.","Wow, that's a mouthful! Let me break it down for you in a way that's easy to understand.

Imagine you're a builder, and you're building a big Lego structure. The Lego bricks represent the building blocks of our DNA, and the structure represents the way our DNA is organized in our cells.

In this study, scientists used special techniques to look at how the Lego bricks are arranged in a specific type of cell called skeletal muscle progenitors. These cells are like the foundation of our muscles, and they need to be organized in a special way to become strong and functional.

The scientists used a special protein called Pax7 to help them understand how the Lego bricks are arranged. They found that Pax7 is like a master builder, and it helps to organize the Lego bricks into specific patterns and structures.

They also found that Pax7 is connected to other proteins that help to build these structures. It's like a team effort! The scientists called these structures ""feed-forward regulatory loops,"" which means that Pax7 helps to create a loop of interactions that helps to build the muscle cells.

But here's the really cool part: even when Pax7 is not present, the Lego bricks still remember how to be organized in a specific way. It's like the Lego structure",Chromatin structure and topology play important roles in the regulation of gene expression. Here the authors study the spatio-temporal re-organization of promoter-enhancer interactions in pluripotent ES and skeletal muscle stem cells and the corresponding impact on gene expression as a consequence of myogenic commitment and differentiation.,nature communications
"PIWI-clade Argonaute proteins associate with PIWI-interacting RNAs (piRNAs), and silence transposons in animal gonads. Here, we report the crystal structure of the Drosophila PIWI-clade Argonaute Piwi in complex with endogenous piRNAs, at 2.9 Å resolution. A structural comparison of Piwi with other Argonautes highlights the PIWI-specific structural features, such as the overall domain arrangement and metal-dependent piRNA recognition. Our structural and biochemical data reveal that, unlike other Argonautes including silkworm Siwi, Piwi has a non-canonical DVDK tetrad and lacks the RNA-guided RNA cleaving slicer activity. Furthermore, we find that the Piwi mutant with the canonical DEDH catalytic tetrad exhibits the slicer activity and readily dissociates from less complementary RNA targets after the slicer-mediated cleavage, suggesting that the slicer activity could compromise the Piwi-mediated co-transcriptional silencing. We thus propose that Piwi lost the slicer activity during evolution to serve as an RNA-guided RNA-binding platform, thereby ensuring faithful co-transcriptional silencing of transposons.","Hi middle school students! Today, we're going to talk about something really cool in the world of science. You know how our bodies are made up of tiny cells, and inside those cells, there's even smaller stuff called DNA? Well, DNA is like a blueprint for our bodies, and it's made up of four different letters: A, C, G, and T.

Now, sometimes, these DNA letters can get mixed up and cause problems. That's where something called transposons come in. Transposons are like little pieces of DNA that can jump from one place to another and cause trouble. They're like little troublemakers!

So, our bodies have a way to keep these troublemakers under control. It's called the PIWI-clade Argonaute protein. It's like a superhero that finds these troublemakers and silences them, so they can't cause any more trouble.

But, how does it do that? Well, it uses something called piRNAs, which are like little RNA molecules that help it find the troublemakers. It's like a GPS system that helps it locate the troublemakers and silence them.

Now, scientists have been studying this superhero protein and its piRNAs, and they've discovered some really cool things.","PIWI-clade Argonautes bind PIWI-interacting RNAs (piRNAs) to silence transposons and maintain genome integrity in animal gonads. Here the authors present the crystal structure of a Drosophila Piwi–piRNA complex isolated from cultured fly ovarian somatic cells and find that it contains a non-canonical DVDK tetrad, and lacks slicer activity in vitro.",nature communications
"Dedicated control of oxygen vacancies is an important route to functionalizing complex oxide films. It is well-known that tensile strain significantly lowers the oxygen vacancy formation energy, whereas compressive strain plays a minor role. Thus, atomic reconstruction by extracting oxygen from a compressive-strained film is challenging. Here we report an unexpected LaCoO2.5 phase with a zigzag-like oxygen vacancy ordering through annealing a compressive-strained LaCoO3 in vacuum. The synergetic tilt and distortion of CoO5 square pyramids with large La and Co shifts are quantified using scanning transmission electron microscopy. The large in-plane expansion of CoO5 square pyramids weaken the crystal field splitting and facilitated the ordered high-spin state of Co2+, which produces an insulating ferromagnetic state with a Curie temperature of ~284 K and a saturation magnetization of ~0.25 μB/Co. These results demonstrate that extracting targeted oxygen from a compressive-strained oxide provides an opportunity for creating unexpected crystal structures and novel functionalities.","Hi middle school students! Today, we're going to talk about something really cool called ""oxygen vacancies"" in materials.

You know how we need oxygen to breathe, right? Well, in materials like metals and ceramics, oxygen is also important. It helps hold the material together and gives it certain properties.

But sometimes, scientists want to create new materials with special properties. To do this, they need to control how much oxygen is present in the material. This is where ""oxygen vacancies"" come in.

Oxygen vacancies are like little holes in the material where oxygen is missing. By controlling how many of these holes are present, scientists can create new materials with different properties.

Now, when scientists try to create these oxygen vacancies, they can use something called ""strain"" to help them. Strain is like a stretchy force that can be applied to the material. By stretching or compressing the material, scientists can make it easier to create oxygen vacancies.

In this experiment, scientists used a special material called LaCoO3 and applied a compressive strain to it. This means they squeezed the material, which made it harder to create oxygen vacancies. But instead of giving up, they decided to try something new.

They heated the material in a vacuum, which is","Here, Zhang et al. succeed in creating a heavily distorted oxygen deficient film of lanthanum cobaltite. The new phase of LaCoO2.5 has several unique properties, most notably, a Curie temperature of 284 K, significantly larger than the films from which it was derived.",nature communications
"Para-nematic phases, induced by unwinding chiral helices, spontaneously relax to a chiral ground state through phase ordering dynamics that are of great interest and crucial for applications such as stimuli-responsive and biomimetic engineering. In this work, we characterize the cholesteric phase relaxation behaviors of β-lactoglobulin amyloid fibrils and cellulose nanocrystals confined into cylindrical capillaries, uncovering two different equilibration pathways. The integration of experimental measurements and theoretical predictions reveals the starkly distinct underlying mechanism behind the relaxation dynamics of β-lactoglobulin amyloid fibrils, characterized by slow equilibration achieved through consecutive sigmoidal-like steps, and of cellulose nanocrystals, characterized by fast equilibration obtained through smooth relaxation dynamics. Particularly, the specific relaxation behaviors are shown to emerge from the order parameter of the unwound cholesteric medium, which depends on chirality and elasticity. The experimental findings are supported by direct numerical simulations, allowing to establish hard-to-measure viscoelastic properties without applying magnetic or electric fields.","Wow, you guys are going to learn about some really cool science today!

So, you know how some materials can change shape or move when we apply heat, light, or other kinds of energy to them? Like how a metal rod can bend when we heat it up?

Well, today we're going to talk about a special kind of material that can change its shape or move on its own, without us even touching it! This material is called a ""cholesteric phase,"" and it's made up of tiny, tiny things called ""helices"" that are twisted together like a spiral staircase.

When we take these helices and put them in a special kind of container, like a tiny tube, they can start to move and change shape on their own. This is called ""relaxation,"" and it's like the material is trying to find its most comfortable shape.

Now, here's the really cool part: scientists have discovered that there are two different ways that these helices can relax. One way is slow and takes a long time, kind of like how it takes a while for a metal rod to cool down after we heat it up. The other way is fast and happens quickly, like how a spring can snap back into shape when we release it","Relaxation of liquid crystals is crucial in a broad area, e.g. biomimicry and stimuli-responsive material design. Here Khadem et al explore distinct relaxations, reveal the corresponding physics and propose a novel method for estimating viscoelastic properties without applying external fields.",nature communications
"Currently, the key challenge in triboelectric nanogenerators (TENGs) is how to efficiently enhance the surface charge density. Here, a new strategy is proposed to increase the surface charge density by comprehensively utilizing solar energy and tidal energy, and a bioinspired photoelectric-electromechanical integrated TENG (Pem-iTENG) is developed. This enhancement of output performance is greatly attributed to the accumulation of photoelectrons from photocatalysis and the triboelectric negative charges from contact electrification. Pem-iTENG shows a maximal open-circuit voltage of 124.2 V and a maximal short-circuit current density of 221.6 μA cm−2 under tidal wave and sunlight, an improvement by nearly a factor of 10 over that of reported TENGs based on solid-liquid contact electrification. More importantly, it exhibits a high energy conversion efficiency according to the evaluation method for solar cells. This work provides insights into development of high-performance TENGs by using different natural energy sources.","Hey there, middle school students! Today, we're going to talk about something really cool called triboelectric nanogenerators, or TENGs for short.

So, what are TENGs? Well, they're devices that can generate electricity using the movement of tiny particles, like tiny bits of dust or water molecules. It's kind of like how a battery generates electricity, but instead of using chemicals, TENGs use the movement of these tiny particles to create an electric charge.

Now, the problem with TENGs is that they don't generate a lot of electricity. They need to be improved so that they can make more electricity. That's where our new strategy comes in. We're going to use two types of energy to make our TENGs work better: solar energy and tidal energy.

Solar energy is the energy from the sun, and tidal energy is the energy from the movement of the ocean's tides. We're going to use these two types of energy to make our TENGs work better. We're going to use the sun's energy to make tiny particles move, and then we're going to use the movement of the ocean's tides to make those particles move even more. This will create a bigger electric charge, which","Increasing the surface charge density of a triboelectric nanogenerator (TENG) under a single energy source is of wide interest. Here, the authors increase the surface charge density by comprehensively utilizing solar energy and tidal energy to develop a bioinspired photoelectric-electromechanical integrated TENG.",nature communications
"People and other animals learn the values of choices by observing the contingencies between them and their outcomes. However, decisions are not guided by choice-linked reward associations alone; macaques also maintain a memory of the general, average reward rate – the global reward state – in an environment. Remarkably, global reward state affects the way that each choice outcome is valued and influences future decisions so that the impact of both choice success and failure is different in rich and poor environments. Successful choices are more likely to be repeated but this is especially the case in rich environments. Unsuccessful choices are more likely to be abandoned but this is especially likely in poor environments. Functional magnetic resonance imaging (fMRI) revealed two distinct patterns of activity, one in anterior insula and one in the dorsal raphe nucleus, that track global reward state as well as specific outcome events.","Hey there, middle schoolers! Today, we're going to talk about how animals, including humans, make decisions. You might be surprised to learn that it's not just about getting a reward or avoiding a punishment. There's more to it than that!

Imagine you're playing a game where you get a treat every time you make a good choice. You start to associate that treat with making good choices, and you're more likely to make those choices again. That's because your brain is linking the good choice to the reward you got.

But, what if the game changes and the treats become less frequent? You might start to make different choices because you're not getting the same reward rate. That's because your brain is also keeping track of the overall reward rate, or what we call the ""global reward state."" This helps you adjust your decisions based on the environment you're in.

Let me give you an example. Imagine you're playing a game where you get a treat every time you make a good choice, but sometimes you get a treat and sometimes you don't. That's a ""rich"" environment, where the rewards are more frequent. In this case, when you make a good choice and get a treat, you're more likely to make that choice again",Wittmann and colleagues show that not only single outcome events but also the global reward state (GRS) impact learning in macaques; low GRS drives explorative choices. Analyses of macaque BOLD signal reveals that GRS impacts activity in the anterior insula as well as the dorsal raphe nucleus.,nature communications
"The rapid progress in mass-market applications of metal-ion batteries intensifies the development of economically feasible electrode materials based on earth-abundant elements. Here, we report on a record-breaking titanium-based positive electrode material, KTiPO4F, exhibiting a superior electrode potential of 3.6 V in a potassium-ion cell, which is extraordinarily high for titanium redox transitions. We hypothesize that such an unexpectedly major boost of the electrode potential benefits from the synergy of the cumulative inductive effect of two anions and charge/vacancy ordering. Carbon-coated electrode materials display no capacity fading when cycled at 5C rate for 100 cycles, which coupled with extremely low energy barriers for potassium-ion migration of 0.2 eV anticipates high-power applications. Our contribution shows that the titanium redox activity traditionally considered as “reducing” can be upshifted to near-4V electrode potentials thus providing a playground to design sustainable and cost-effective titanium-containing positive electrode materials with promising electrochemical characteristics.","Hi middle school students! Today, we're going to talk about something really cool called metal-ion batteries. You know how we use batteries to power our devices, like our phones and laptops? Well, scientists are always trying to make better batteries that can store more energy and last longer.

One of the challenges they're facing is finding materials that can make the batteries work better. They're looking for materials that are abundant in the Earth, which means they're easy to find and don't cost a lot. One of the materials they're interested in is called titanium.

Titanium is a special metal that can help make batteries work better. But, it's not very good at doing its job on its own. So, scientists have been trying to find ways to make it work better. They've discovered a new material called KTiPO4F that's made with titanium and some other elements. This material is really special because it can make the battery work at a higher voltage than usual.

Imagine you're playing with a toy car that needs batteries to move. The voltage is like the speed of the car. If the voltage is high, the car will go faster. In this case, the KTiPO4F material can make the battery work at a really high speed,","The Ti4+/Ti3+ redox couple is usually a good choice for anodes due to its low potential. Here, the authors show that the potential can be increased to nearly 4.0 V in KTiPO4F, which serves as a high-performance cathode for K-ion batteries.",nature communications
"Multiple myeloma is a plasma cell blood cancer with frequent chromosomal translocations leading to gene fusions. To determine the clinical relevance of fusion events, we detect gene fusions from a cohort of 742 patients from the Multiple Myeloma Research Foundation CoMMpass Study. Patients with multiple clinic visits enable us to track tumor and fusion evolution, and cases with matching peripheral blood and bone marrow samples allow us to evaluate the concordance of fusion calls in patients with high tumor burden. We examine the joint upregulation of WHSC1 and FGFR3 in samples with t(4;14)-related fusions, and we illustrate a method for detecting fusions from single cell RNA-seq. We report fusions at MYC and a neighboring gene, PVT1, which are related to MYC translocations and associated with divergent progression-free survival patterns. Finally, we find that 4% of patients may be eligible for targeted fusion therapies, including three with an NTRK1 fusion.","Hi middle school students! Today, we're going to talk about a type of cancer called multiple myeloma. It's a type of blood cancer that affects the plasma cells in our bodies.

You know how our bodies have different types of cells, like red blood cells, white blood cells, and platelets? Well, plasma cells are a type of white blood cell that helps keep our bodies healthy by producing antibodies to fight off infections.

Multiple myeloma is a type of cancer that happens when the plasma cells in our bodies start to grow out of control and become cancerous. This can cause problems like anemia, bone pain, and kidney damage.

Now, scientists are trying to understand more about this type of cancer so they can develop new treatments. One way they do this is by looking at the DNA of the cancer cells to see if they have any changes that might be important for the cancer to grow.

In this study, scientists looked at the DNA of 742 patients with multiple myeloma to see if they could find any patterns or changes that might be important for the cancer. They found that some patients had changes in their DNA that were similar, and they were able to use this information to understand more about how the cancer grows and develops.

One of the","Multiple myeloma is characterised by frequent gene fusions. Here, the authors use data from the Multiple Myeloma Research Foundation CoMMpass Study to further investigate fusion genes in this disease and their clinical relevance.",nature communications
"Claudin-low breast cancers are aggressive tumors defined by the low expression of key components of cellular junctions, associated with mesenchymal and stemness features. Although they are generally considered as the most primitive breast malignancies, their histogenesis remains elusive. Here we show that this molecular subtype of breast cancers exhibits a significant diversity, comprising three main subgroups that emerge from unique evolutionary processes. Genetic, gene methylation and gene expression analyses reveal that two of the subgroups relate, respectively, to luminal breast cancers and basal-like breast cancers through the activation of an EMT process over the course of tumor progression. The third subgroup is closely related to normal human mammary stem cells. This unique subgroup of breast cancers shows a paucity of genomic aberrations and a low frequency of TP53 mutations, supporting the emerging notion that the intrinsic properties of the cell-of-origin constitute a major determinant of the genetic history of tumorigenesis.","Hi middle school students! Today, we're going to talk about something called breast cancer. You might have heard of it before, but let's dive deeper into what it is and what scientists have discovered about it.

Breast cancer is a type of cancer that affects women's breasts. There are different types of breast cancer, and scientists have been studying one type called Claudin-low breast cancer. This type of breast cancer is special because it has some unique characteristics that make it different from other types of breast cancer.

Imagine your body is like a city, and your cells are like the buildings. In a healthy city, the buildings (cells) are all connected and work together. But in breast cancer, some of the buildings (cells) get damaged and start to grow out of control. This is what happens in Claudin-low breast cancer.

Scientists have found that this type of breast cancer is very aggressive, which means it grows and spreads quickly. They've also found that it's very different from other types of breast cancer. In fact, it's so different that scientists are still trying to figure out where it comes from.

One of the interesting things about Claudin-low breast cancer is that it's made up of different subgroups. Think of subgroups like different neighborhoods in","Claudin-low tumors are a rare aggressive subtype of breast cancers. In this study, the authors use a multiomics approach to demonstrate that these tumors are heterogeneous and comprise three main subgroups that emerge from different evolutionary processes.",nature communications
"Organic semiconductors are commonly used as charge-extraction layers in metal-halide perovskite solar cells. However, parasitic light absorption in the sun-facing front molecular layer, through which sun light must propagate before reaching the perovskite layer, may lower the power conversion efficiency of such devices. Here, we show that such losses may be eliminated through efficient excitation energy transfer from a photoexcited polymer layer to the underlying perovskite. Experimentally observed energy transfer between a range of different polymer films and a methylammonium lead iodide perovskite layer was used as basis for modelling the efficacy of the mechanism as a function of layer thickness, photoluminescence quantum efficiency and absorption coefficient of the organic polymer film. Our findings reveal that efficient energy transfer can be achieved for thin (≤10 nm) organic charge-extraction layers exhibiting high photoluminescence quantum efficiency. We further explore how the morphology of such thin polymer layers may be affected by interface formation with the perovskite.","Hey there, middle schoolers! Today, we're going to talk about something really cool called organic semiconductors. You know how we use solar panels to generate electricity from sunlight? Well, scientists are always trying to make them more efficient and effective.

So, what are organic semiconductors? They're special materials that can conduct electricity, but they're made from organic compounds, like plastics or polymers, instead of metals. And guess what? They're really good at absorbing sunlight and converting it into electricity!

Now, let's talk about metal-halide perovskite solar cells. These are special solar cells that use a combination of metals and organic compounds to generate electricity. The problem is that the sunlight has to pass through a layer of organic material before it reaches the perovskite layer, and sometimes this layer absorbs some of the sunlight, which can lower the efficiency of the solar cell.

But don't worry, scientists have found a way to solve this problem! They've discovered that they can use a special type of polymer, which is a type of plastic, to transfer energy from the sunlight to the perovskite layer. This is called energy transfer, and it's like a game of ""hot potato"" where the energy is","The performance of perovskite solar cells can be limited by light absorption loss in organic charge extraction layers, through which sun light must propagate before reaching the perovskite. Here, the authors demonstrate that efficient energy transfer to the perovskite layer from a thin organic layer is able to eliminate this parasitic loss.",nature communications
"Parasitic plants of the genus Cuscuta penetrate shoots of host plants with haustoria and build a connection to the host vasculature to exhaust water, solutes and carbohydrates. Such infections usually stay unrecognized by the host and lead to harmful host plant damage. Here, we show a molecular mechanism of how plants can sense parasitic Cuscuta. We isolated an 11 kDa protein of the parasite cell wall and identified it as a glycine-rich protein (GRP). This GRP, as well as its minimal peptide epitope Crip21, serve as a pathogen-associated molecular pattern and specifically bind and activate a membrane-bound immune receptor of tomato, the Cuscuta Receptor 1 (CuRe1), leading to defense responses in resistant hosts. These findings provide the initial steps to understand the resistance mechanisms against parasitic plants and further offer great potential for protecting crops by engineering resistance against parasitic plants.","Hey there, middle school students! Today, we're going to talk about a fascinating topic in science - parasitic plants!

You know how some plants grow on other plants, like ivy on a tree? Well, some plants, like Cuscuta, are special because they can actually attach themselves to other plants and steal their food and water. This is called parasitism.

Imagine if someone attached themselves to you and started taking your food and water without asking. That would be pretty annoying, right? Well, plants have a way of sensing when this is happening and trying to defend themselves.

Scientists have discovered a special protein on the surface of the parasitic plant, Cuscuta, that helps the plant attach itself to the host plant. This protein is called a glycine-rich protein, or GRP for short.

When the host plant senses the GRP, it sends a signal to its immune system, which is like a superhero that comes to the rescue. The immune system uses a special receptor, called CuRe1, to recognize the GRP and trigger a defense response.

Think of it like a alarm system in your house. When someone breaks in, the alarm goes off, and the police come to catch the thief. In this case, the","Parasitic plants such as Cuscuta penetrate the shoots of susceptible hosts to obtain sugars, solutes and water. Here the authors show that resistant varieties of tomato can trigger an immune response against Cuscuta by perceiving a small glycine rich protein produced by the parasite.",nature communications
"Directed evolution of the ribosome for expanded substrate incorporation and novel functions is challenging because the requirement of cell viability limits the mutations that can be made. Here we address this challenge by combining cell-free synthesis and assembly of translationally competent ribosomes with ribosome display to develop a fully in vitro methodology for ribosome synthesis and evolution (called RISE). We validate the RISE method by selecting active genotypes from a ~1.7 × 107 member library of ribosomal RNA (rRNA) variants, as well as identifying mutant ribosomes resistant to the antibiotic clindamycin from a library of ~4 × 103 rRNA variants. We further demonstrate the prevalence of positive epistasis in resistant genotypes, highlighting the importance of such interactions in selecting for new function. We anticipate that RISE will facilitate understanding of molecular translation and enable selection of ribosomes with altered properties.","Hi middle school students! Today, we're going to talk about something really cool called ""directed evolution"" of ribosomes.

So, what are ribosomes? Ribosomes are tiny machines inside our cells that help build proteins, which are like the building blocks of our bodies. They're super important because they help us grow, repair ourselves, and do lots of other important jobs.

Now, scientists want to make ribosomes that can do new and different things. But, it's hard to change them because they need to stay healthy and work properly for our cells to survive. It's like trying to fix a car while it's still moving - you don't want to make any mistakes that might make it break down!

To solve this problem, scientists came up with a new way to make ribosomes called ""RISE"" (Ribosome In Vitro Synthesis and Evolution). It's like a special recipe that lets them make ribosomes in a test tube, without needing a living cell.

Imagine you're a chef, and you're trying to make a new recipe. You can try different ingredients and cooking methods to see what works best. That's kind of what RISE does, but instead of making a cake, it makes ribosomes!

The scientists used RISE",Directed evolution of the ribosome is challenging because the requirement of cell viability limits the mutations that can be made. Here the authors develop a platform for in vitro ribosome synthesis and evolution (RISE) to overcome these constraints.,nature communications
"The recent discoveries of strikingly large zero-field Hall and Nernst effects in antiferromagnets Mn3X (X = Sn, Ge) have brought the study of magnetic topological states to the forefront of condensed matter research and technological innovation. These effects are considered fingerprints of Weyl nodes residing near the Fermi energy, promoting Mn3X (X = Sn, Ge) as a fascinating platform to explore the elusive magnetic Weyl fermions. In this review, we provide recent updates on the insights drawn from experimental and theoretical studies of Mn3X (X = Sn, Ge) by combining previous reports with our new, comprehensive set of transport measurements of high-quality Mn3Sn and Mn3Ge single crystals. In particular, we report magnetotransport signatures specific to chiral anomalies in Mn3Ge and planar Hall effect in Mn3Sn, which have not yet been found in earlier studies. The results summarized here indicate the essential role of magnetic Weyl fermions in producing the large transverse responses in the absence of magnetization.","Hey there, middle schoolers! Today, we're going to talk about something really cool called ""magnetic topological states."" But don't worry, I'll break it down in a way that's easy to understand.

So, you know how we have magnets that can attract or repel each other, right? Well, scientists have been studying a special kind of magnet called an ""antiferromagnet."" It's like a magnet, but instead of attracting or repelling, it has a special kind of behavior that's hard to understand.

Recently, scientists discovered that these antiferromagnets have something called ""zero-field Hall and Nernst effects."" It's like a special fingerprint that shows that there are tiny particles called ""Weyl fermions"" living inside the magnet. These Weyl fermions are really important because they can help us understand how the magnet behaves.

Imagine you're playing with a toy magnet, and you notice that it's behaving in a special way. You might see that it's making a pattern on a piece of paper, or that it's moving in a certain way. That's kind of like what's happening with these Weyl fermions. They're making the magnet behave in a special way, and scientists are","The large anomalous Hall (AHE) and anomalous Nernst effects (ANE) in antiferromagnets Mn3Sn/Mn3Ge are considered fingerprints of Weyl nodes residing near the Fermi energy. Here, the authors review the results from previous studies combining with new transport measurements on Mn3Sn/Mn3Ge single crystals, suggesting the essential role of magnetic Weyl fermions in explaining the AHE and ANE.",nature communications
"Branched-chain amino acids (BCAA) and their cognate α-ketoacids (BCKA) are elevated in an array of cardiometabolic diseases. Here we demonstrate that the major metabolic fate of uniformly-13C-labeled α-ketoisovalerate ([U-13C]KIV) in the heart is reamination to valine. Activation of cardiac branched-chain α-ketoacid dehydrogenase (BCKDH) by treatment with the BCKDH kinase inhibitor, BT2, does not impede the strong flux of [U-13C]KIV to valine. Sequestration of BCAA and BCKA away from mitochondrial oxidation is likely due to low levels of expression of the mitochondrial BCAA transporter SLC25A44 in the heart, as its overexpression significantly lowers accumulation of [13C]-labeled valine from [U-13C]KIV. Finally, exposure of perfused hearts to levels of BCKA found in obese rats increases phosphorylation of the translational repressor 4E-BP1 as well as multiple proteins in the MEK-ERK pathway, leading to a doubling of total protein synthesis. These data suggest that elevated BCKA levels found in obesity may contribute to pathologic cardiac hypertrophy via chronic activation of protein synthesis.","Hey there, middle schoolers! Today, we're going to talk about something called branched-chain amino acids, or BCAA for short. These are special kinds of amino acids that are important for our bodies.

So, what are amino acids? Well, they're the building blocks of proteins, which are like the Legos of our bodies. Proteins help us grow, repair, and function properly. And BCAA are a special type of amino acid that's found in many foods, like meat, eggs, and dairy products.

Now, when we eat these foods, our bodies break down the BCAA into something called α-ketoacids, or BCKA for short. These BCKA are like the raw materials that our bodies use to build new proteins.

But here's the thing: when we have too much BCKA in our bodies, it can cause problems. For example, it can lead to something called cardiometabolic disease, which is a fancy way of saying that it can cause problems with our hearts and how our bodies use energy.

So, scientists wanted to figure out what happens to BCKA in our hearts when we have too much of it. And what they found was that it gets converted into something called valine, which","Systemic modulation of branched-chain keto acid (BCKA) metabolism alters cardiac health. Here, the authors define the major fates of BCKA in the heart and demonstrate that acute exposure to BCKA levels found in obesity activates cardiac protein synthesis and markedly alters the heart phosphoproteome.",nature communications
"To establish whether 4-nitroquinoline N-oxide-induced carcinogenesis mirrors the heterogeneity of human oral squamous cell carcinoma (OSCC), we have performed genomic analysis of mouse tongue lesions. The mutational signatures of human and mouse OSCC overlap extensively. Mutational burden is higher in moderate dysplasias and invasive SCCs than in hyperplasias and mild dysplasias, although mutations in p53, Notch1 and Fat1 occur in early lesions. Laminin-α3 mutations are associated with tumour invasiveness and Notch1 mutant tumours have an increased immune infiltrate. Computational modelling of clonal dynamics indicates that high genetic heterogeneity may be a feature of those mild dysplasias that are likely to progress to more aggressive tumours. These studies provide a foundation for exploring OSCC evolution, heterogeneity and progression.","Hi middle school students! Today, we're going to talk about something called cancer. Specifically, we're going to explore a type of cancer called oral squamous cell carcinoma, or OSCC for short.

OSCC is a type of cancer that affects the cells in the mouth, particularly the tongue. It's a very common type of cancer, and scientists are still trying to understand how it develops and grows.

To do this, scientists used a special technique called genomic analysis to study the DNA of mice with tongue lesions. They wanted to see if the changes they found in the DNA of these mice were similar to the changes they see in human OSCC.

What they found was that the changes in the DNA of the mice were very similar to the changes they see in human OSCC. This is important because it means that the same genetic changes that cause cancer in mice can also cause cancer in humans.

The scientists also found that the more severe the cancer, the more genetic changes they saw. This makes sense, because cancer is a process that happens over time, and it's likely that more genetic changes will occur as the cancer grows and becomes more aggressive.

One interesting thing they found was that some of the genetic changes they saw were associated with the ability of the cancer to invade and","Modelling oral squamous cell carcinoma (OSCC) is a complex endeavour. Here, the authors provide a comprehensive analysis of an OSCC mouse model and show its mutational signatures mirror human OSCC, providing insights into OSCC clonal dynamics, the microenvironment and evolution.",nature communications
"Transition fibers (TFs) regulate cilia gating and make the primary cilium a distinct functional entity. However, molecular insights into the biogenesis of a functional cilia gate remain elusive. In a forward genetic screen in Caenorhabditis elegans, we uncover that TALP-3, a homolog of the Joubert syndrome protein TALPID3, is a TF-associated component. Genetic analysis reveals that TALP-3 coordinates with ANKR-26, the homolog of ANKRD26, to orchestrate proper cilia gating. Mechanistically, TALP-3 and ANKR-26 form a complex with key gating component DYF-19, the homolog of FBF1. Co-depletion of TALP-3 and ANKR-26 specifically impairs the recruitment of DYF-19 to TFs. Interestingly, in mammalian cells, TALPID3 and ANKRD26 also play a conserved role in coordinating the recruitment of FBF1 to TFs. We thus report a conserved protein module that specifically regulates the functional component of the ciliary gate and suggest a correlation between defective gating and ciliopathy pathogenesis.","Hi middle school students! Today, we're going to talk about something really cool called cilia. Cilia are tiny hair-like structures that are found on the surface of some cells in our body. They help these cells sense their environment and communicate with other cells.

Imagine you're swimming in a pool, and you need to know when to turn to avoid bumping into the side of the pool. That's kind of like what cilia do for cells. They help them sense their surroundings and make decisions based on that information.

Now, inside these cells, there's a special structure called a primary cilium. It's like a little antenna that helps the cell receive signals from its environment. But for the cilium to work properly, it needs something called a ""gating mechanism"". This is like a little door that opens and closes to control what signals come in and out of the cilium.

The problem is, scientists didn't know exactly how this gating mechanism worked. They didn't know what proteins were involved or how they worked together. So, they did an experiment to try to figure it out.

They used a tiny worm called Caenorhabditis elegans to study the cilia. They found a protein called TALP-3 that is involved in","Most cells possess sensory cilia, which need to be gated properly. Here the authors show that the C. elegans proteins TALP-3 and ANKR-26 coordinate cilia gating in the context of transition fibers and that this mechanism is conserved in mammalian cells and likely implicated in certain ciliopathies.",nature communications
"Rechargeable solid-state sodium-ion batteries (SSSBs) hold great promise for safer and more energy-dense energy storage. However, the poor electrochemical stability between current sulfide-based solid electrolytes and high-voltage oxide cathodes has limited their long-term cycling performance and practicality. Here, we report the discovery of the ion conductor Na3-xY1-xZrxCl6 (NYZC) that is both electrochemically stable (up to 3.8 V vs. Na/Na+) and chemically compatible with oxide cathodes. Its high ionic conductivity of 6.6 × 10−5 S cm−1 at ambient temperature, several orders of magnitude higher than oxide coatings, is attributed to abundant Na vacancies and cooperative MCl6 rotation, resulting in an extremely low interfacial impedance. A SSSB comprising a NaCrO2 + NYZC composite cathode, Na3PS4 electrolyte, and Na-Sn anode exhibits an exceptional first-cycle Coulombic efficiency of 97.1% at room temperature and can cycle over 1000 cycles with 89.3% capacity retention at 40 °C. These findings highlight the immense potential of halides for SSSB applications.","Hey there, middle schoolers! Today, we're going to talk about something really cool called rechargeable solid-state sodium-ion batteries, or SSSBs for short.

You know how we use batteries to power our devices, like our phones and laptops? Well, scientists are always trying to make better batteries that can store more energy and last longer. And that's where SSSBs come in.

SSSBs are special batteries that use a new kind of material called a solid-state electrolyte. This material is like a super-thin layer that helps the battery store and release energy. The problem is that the current materials used in SSSBs aren't very good at keeping the energy stored, which means they can't be used for very long.

But don't worry, scientists have been working hard to find a solution! They've discovered a new material called Na3-xY1-xZrxCl6, or NYZC for short. This material is special because it's really good at helping the battery store and release energy, and it's also very safe.

The scientists tested NYZC by making a special battery using it, and they were amazed at how well it worked! The battery was able to store and release energy really well, and it lasted a","Rechargeable solid-state sodium-ion batteries hold great promise for safer and more energy-dense energy storage. Here, the authors show a new sodium-based halide, Na3-xY1-xZrxCl6, for sodium-all-solid-state batteries with enhanced ionic conductivity and long-term cycling stability.",nature communications
"Multivalent protein-protein and protein-RNA interactions are the drivers of biological phase separation. Biomolecular condensates typically contain a dense network of multiple proteins and RNAs, and their competing molecular interactions play key roles in regulating the condensate composition and structure. Employing a ternary system comprising of a prion-like polypeptide (PLP), arginine-rich polypeptide (RRP), and RNA, we show that competition between the PLP and RNA for a single shared partner, the RRP, leads to RNA-induced demixing of PLP-RRP condensates into stable coexisting phases—homotypic PLP condensates and heterotypic RRP-RNA condensates. The morphology of these biphasic condensates (non-engulfing/ partial engulfing/ complete engulfing) is determined by the RNA-to-RRP stoichiometry and the hierarchy of intermolecular interactions, providing a glimpse of the broad range of multiphasic patterns that are accessible to these condensates. Our findings provide a minimal set of physical rules that govern the composition and spatial organization of multicomponent and multiphasic biomolecular condensates.","Hi middle school students! Today, we're going to talk about something really cool called ""biological phase separation"". It's a process that happens inside our cells, where different molecules come together to form special groups or ""condensates"".

Imagine you're playing with different colored blocks, and you're trying to build a special structure. Each block has its own special job, and they need to work together to make something cool. That's kind of like what's happening in our cells, where different molecules are coming together to form these special groups.

Now, let's talk about the three main players in this game: PLP, RRP, and RNA. PLP is like a special kind of glue that helps hold things together, RRP is like a special kind of protein that helps give shape to the structure, and RNA is like a special kind of messenger that helps tell the other molecules what to do.

When these molecules come together, they form a special kind of group called a ""condensate"". And just like how you can build different structures with your blocks, these condensates can take on different shapes and forms depending on how the molecules interact with each other.

The really cool thing about these condensates is that they can be made up of different","Liquid ribonucleoprotein condensates typically involve a dense network of multiple proteins and RNAs. Here, the authors employ a minimal system composed of Prion-like polypeptides (PLP), Arg-rich polypeptides (RRP), and RNA to form biphasic condensates with diverse morphologies tunable via mixture stoichiometry and hierarchy of intermolecular interactions.",nature communications
"The increasing demand for a whiter smile has resulted in an increased popularity for tooth whitening procedures. The most classic hydrogen peroxide-based whitening agents are effective, but can lead to enamel demineralization, gingival irritation, or cytotoxicity. Furthermore, these techniques are excessively time-consuming. Here, we report a nondestructive, harmless and convenient tooth whitening strategy based on a piezo-catalysis effect realized by replacement of abrasives traditionally used in toothpaste with piezoelectric particles. Degradation of organic dyes via piezo-catalysis of BaTiO3 (BTO) nanoparticles was performed under ultrasonic vibration to simulate daily tooth brushing. Teeth stained with black tea, blueberry juice, wine or a combination thereof can be notably whitened by the poled BTO turbid liquid after vibration for 3 h. A similar treatment using unpoled or cubic BTO show negligible tooth whitening effect. Furthermore, the BTO nanoparticle-based piezo-catalysis tooth whitening procedure exhibits remarkably less damage to both enamel and biological cells.","Hey there, middle schoolers! Today, we're going to talk about something really cool - a new way to whiten your teeth without harming them.

You know how sometimes we use toothpaste to clean our teeth and make them look whiter? Well, some of those toothpastes use a chemical called hydrogen peroxide to do the job. But, unfortunately, this chemical can actually damage our teeth and gums if used too much.

So, scientists have been working on finding a better way to whiten our teeth. And that's where piezo-catalysis comes in. It's a fancy word that means using tiny particles called nanoparticles to break down the stains on our teeth.

Imagine taking a tiny particle, like a tiny rock, and using it to scrub away the stains on your teeth. That's basically what's happening with piezo-catalysis. The nanoparticles are used to create a special liquid that can be applied to your teeth, and when you brush your teeth with it, the nanoparticles help break down the stains and make your teeth look whiter.

The best part is that this new method is much safer than using hydrogen peroxide. It doesn't damage your teeth or gums, and it's also much faster than other methods. You can get the same","Tooth whitening has attracted significant interest; however, most techniques are potentially destructive. Here, the authors model the replacement of standard abrasives in toothpaste with piezoelectric particles for catalytic degradation of organic stains and report less damage than hydrogen peroxide treatment.",nature communications
"The introduction of immune checkpoint inhibitors has demonstrated significant improvements in survival for subsets of cancer patients. However, they carry significant and sometimes life-threatening toxicities. Prompt prediction and monitoring of immune toxicities have the potential to maximise the benefits of immune checkpoint therapy. Herein, we develop a digital nanopillar SERS platform that achieves real-time single cytokine counting and enables dynamic tracking of immune toxicities in cancer patients receiving immune checkpoint inhibitor treatment - broader applications are anticipated in other disease indications. By analysing four prospective cytokine biomarkers that initiate inflammatory responses, the digital nanopillar SERS assay achieves both highly specific and highly sensitive cytokine detection down to attomolar level. Significantly, we report the capability of the assay to longitudinally monitor 10 melanoma patients during immune inhibitor blockade treatment. Here, we show that elevated cytokine concentrations predict for higher risk of developing severe immune toxicities in our pilot cohort of patients.","Hi everyone! Today, we're going to talk about something really cool called ""immune checkpoint inhibitors."" These are special medicines that help our bodies fight cancer, but they can also cause some pretty serious side effects.

Imagine your body is like a city, and the immune system is like the police force that keeps the city safe. Cancer is like a bad guy that tries to take over the city. The immune checkpoint inhibitors are like special tools that help the police force (immune system) recognize the bad guy (cancer) and fight it more effectively.

However, sometimes these tools can cause the police force to get a little too excited and start fighting the good guys (healthy cells) too. This is called an ""immune toxicity."" It's like the police force gets a little out of control and starts causing trouble in the city.

To make sure this doesn't happen, we need to be able to predict and monitor the immune toxicities. That's where our special tool, called a ""digital nanopillar SERS platform,"" comes in. It's like a super-powerful microscope that can detect tiny amounts of special molecules called ""cytokines"" in our blood.

These cytokines are like little messengers that tell us what's going on in our body. By analyzing","There is a clinical need to monitor immune-related toxicities of immune checkpoint blockade therapy. Here, the authors develop a digital SERS platform for multiplexed single cytokine counting to track immune-toxicities and demonstrate the ability to use pre-screening to identify patients at higher risk.",nature communications
"Natural transformation is the process by which bacteria take up genetic material from their environment and integrate it into their genome by homologous recombination. It represents one mode of horizontal gene transfer and contributes to the spread of traits like antibiotic resistance. In Vibrio cholerae, a type IVa pilus (T4aP) is thought to facilitate natural transformation by extending from the cell surface, binding to exogenous DNA, and retracting to thread this DNA through the outer membrane secretin, PilQ. Here, we use a functional tagged allele of VcPilQ purified from native V. cholerae cells to determine the cryoEM structure of the VcPilQ secretin in amphipol to ~2.7 Å. We use bioinformatics to examine the domain architecture and gene neighborhood of T4aP secretins in Proteobacteria in comparison with VcPilQ. This structure highlights differences in the architecture of the T4aP secretin from the type II and type III secretion system secretins. Based on our cryoEM structure, we design a series of mutants to reversibly regulate VcPilQ gate dynamics. These experiments support the idea of VcPilQ as a potential druggable target and provide insight into the channel that DNA likely traverses to promote the spread of antibiotic resistance via horizontal gene transfer by natural transformation.","Hey there, middle schoolers! Today, we're going to talk about something really cool called natural transformation. It's a way that bacteria can share genetic information with each other, which is important because it helps them adapt to their environment and even develop resistance to antibiotics.

So, what is natural transformation? It's like a game of genetic ""copy and paste"" where bacteria take up DNA from their surroundings and incorporate it into their own genetic code. This process is called homologous recombination, and it's a way for bacteria to get new traits or characteristics.

Now, you might be wondering how this happens. Well, in some bacteria, like Vibrio cholerae, there's a special structure called a type IVa pilus (T4aP) that helps facilitate this process. It's like a long, thin tube that extends from the surface of the bacteria and binds to the DNA that's floating around. Then, the T4aP retracts, kind of like a thread, and pulls the DNA into the bacteria.

To study this process, scientists used a technique called cryoEM (cryogenic electron microscopy) to get a really detailed picture of the T4aP structure. They found that it's different from other types of secretion systems","In Vibrio cholerae, a type IVa pilus (T4aP) binds to exogenous DNA, and threads this DNA through the outer membrane secretin, PilQ. Here authors present the cryoEM structure of PilQ from native V. cholerae cells and design a series of mutants to reversibly regulate VcPilQ gate dynamics.",nature communications
"Realizing a long coherence time quantum memory is a major challenge of current quantum technology. Until now, the longest coherence-time of a single qubit was reported as 660 s in a single 171Yb+ ion-qubit through the technical developments of sympathetic cooling and dynamical decoupling pulses, which addressed heating-induced detection inefficiency and magnetic field fluctuations. However, it was not clear what prohibited further enhancement. Here, we identify and suppress the limiting factors, which are the remaining magnetic-field fluctuations, frequency instability and leakage of the microwave reference-oscillator. Then, we observe the coherence time of around 5500 s for the 171Yb+ ion-qubit, which is the time constant of the exponential decay fit from the measurements up to 960 s. We also systematically study the decoherence process of the quantum memory by using quantum process tomography and analyze the results by applying recently developed resource theories of quantum memory and coherence. Our experimental demonstration will accelerate practical applications of quantum memories for various quantum information processing, especially in the noisy-intermediate-scale quantum regime.","Hello, middle school students! Today, we're going to talk about something really cool called quantum technology. You might have heard of it, but don't worry if you're not an expert. I'm here to explain it in a way that's easy to understand.

So, what is quantum technology? It's a way of using tiny particles called ""qubits"" to store and process information. Think of it like a super-powerful computer that can do things that regular computers can't.

Now, one of the biggest challenges in quantum technology is making sure that these qubits stay ""coherent"" for a long time. Coherence means that the qubits are in a special state where they can be used to store and process information. The longer they stay coherent, the more powerful the quantum computer can be.

Recently, scientists were able to make a qubit stay coherent for 660 seconds, which is a really long time. But they wanted to see if they could make it even longer. So, they did some experiments to figure out what was limiting them.

It turns out that there were three things that were causing the qubit to lose its coherence: tiny magnetic fields, tiny changes in the frequency of the microwave signals, and tiny leaks in the signals themselves.","Extending qubit coherence times represent one of the key challenges for quantum technologies. Here, after properly suppressing magnetic-field fluctuations, frequency instability and leakage of the microwave reference-oscillator, the authors infer coherence times of 5500 s for an Yb ion qubit.",nature communications
"Some multicellular organisms can fuse because mergers potentially provide mutual benefits. However, experimental evolution in the fungus Neurospora crassa has demonstrated that free fusion of mycelia favours cheater lineages, but the mechanism and evolutionary dynamics of this exploitation are unknown. Here we show, paradoxically, that all convergently evolved cheater lineages have similar fusion deficiencies. These mutants are unable to initiate fusion but retain access to wild-type mycelia that fuse with them. This asymmetry reduces cheater-mutant contributions to somatic substrate-bound hyphal networks, but increases representation of their nuclei in the aerial reproductive hyphae. Cheaters only benefit when relatively rare and likely impose genetic load reminiscent of germline senescence. We show that the consequences of somatic fusion can be unequally distributed among fusion partners, with the passive non-fusing partner profiting more. We discuss how our findings may relate to the extensive variation in fusion frequency of fungi found in nature.","Hey there, middle schoolers! Today, we're going to talk about something really cool called ""fusion"" in the world of fungi.

So, you know how humans and animals are made up of tiny cells that work together to keep us alive? Well, fungi are similar, but instead of cells, they're made up of long, thin threads called hyphae. These hyphae work together to help the fungus grow and survive.

Now, some fungi have a special ability called ""fusion,"" where two or more hyphae can join together to form a stronger, more connected network. This can help the fungus grow faster, spread more easily, and even help it communicate with other fungi.

But, just like how some people might try to take advantage of others, some fungi have evolved to be ""cheaters."" These cheaters can't join with other hyphae to form a strong network, but they can still benefit from the hard work of other fungi that do join together. It's like a free ride!

Scientists have been studying this phenomenon in a type of fungus called Neurospora crassa. They found that these cheater fungi have a special problem - they can't initiate fusion with other hyphae. But, they can still join with other","Mycelial fusion can favour fungal strains that exploit each other, but the mechanism is not well understood. Here, Grum-Grzhimaylo et al. show that different cheater lineages share similar deficiencies in initiating fusion that nevertheless enable them to preferentially obtain the benefits of fusion initiated by wild-type mycelia.",nature communications
"NIR-II fluorophores have shown great promise for biomedical applications with superior in vivo optical properties. To date, few small-molecule NIR-II fluorophores have been discovered with donor-acceptor-donor (D-A-D) or symmetrical structures, and upconversion-mitochondria-targeted NIR-II dyes have not been reported. Herein, we report development of D-A type thiopyrylium-based NIR-II fluorophores with frequency upconversion luminescence (FUCL) at ~580 nm upon excitation at ~850 nm. H4-PEG-PT can not only quickly and effectively image mitochondria in live or fixed osteosarcoma cells with subcellular resolution at 1 nM, but also efficiently convert optical energy into heat, achieving mitochondria-targeted photothermal cancer therapy without ROS effects. H4-PEG-PT has been further evaluated in vivo and exhibited strong tumor uptake, specific NIR-II signals with high spatial and temporal resolution, and remarkable NIR-II image-guided photothermal therapy. This report presents the first D-A type thiopyrylium NIR-II theranostics for synchronous upconversion-mitochondria-targeted cell imaging, in vivo NIR-II osteosarcoma imaging and excellent photothermal efficiency.","Wow, you guys are going to learn about some really cool science today!

So, you know how we use special tools to see things that are too small or too far away? Like microscopes to see tiny cells or telescopes to see stars?

Well, scientists have been working on creating special tools that can help us see inside our bodies, like tiny cameras that can take pictures of our cells and tissues. And today, we're going to talk about a new kind of tool that's really exciting!

These tools are called ""NIR-II fluorophores,"" and they're special molecules that can absorb light and then send it back out at a different wavelength. It's like a flashlight that shines a beam of light, but instead of just shining it back at us, it sends it back out in a different color!

The really cool thing about these NIR-II fluorophores is that they can be used to create images of our cells and tissues inside our bodies. They can even be used to target specific parts of our bodies, like cancer cells, and help us see them more clearly.

But that's not all! These NIR-II fluorophores can also be used to create heat, which can help kill cancer cells. It's like a special kind of laser that can","Currently available mitochondria-targeted fluorescent dyes emit only one color in the visible or NIR-I and their applications are limited. Here, the authors develop upconversion mitochondria-targeted NIR-II fluorophores for synchronous upconversion-mitochondria-targeted cell imaging, in vivo NIR-II osteosarcoma imaging and photothermal efficiency",nature communications
